<?xml version="1.0" encoding="UTF-8"?>
<!-- Copyright C.V.Kimball 2013 -->
<Tanach xmlns:xsi="http://www.w3.org/2001/XMLSchema-instance" xsi:noNamespaceSchemaLocation="../XSL/Tanach.xsd">
<teiHeader>
  <fileDesc>
    <titleStmt>
      <title level="s" type="uniform">Tanach</title>
      <title level="s" type="uniformhebrew">תנ״ך</title>
      <title level="s" type="main">Unicode/XML Leningrad Codex</title>
      <title level="a" type="main">Malachi</title>
      <title level="a" type="mainhebrew">מלאכי</title>
      <title level="a" type="filename">Malachi</title>
      <editor>Shemu'el ben Ya'akov</editor>
      <editor>Aharon ben-Mosheh ben-Asher</editor>
      <respStmt>
        <resp>Publisher:</resp>
        <name>Christopher V. Kimball</name>
        <name type="email">mail@cvkimball.com</name>
      </respStmt>
    </titleStmt>
    <editionStmt>
      <edition>Unicode/XML Leningrad Codex (UXLC)
        <version>UXLC 2.0</version>
        <date>19 Oct 2023</date>
        <build>27.1</build>
        <buildDateTime>19 Oct 2023  00:00</buildDateTime>
      </edition>
<respStmt>
<resp>WLC2XML[21 Apr 2023] - Transcription from Michigan-Claremont encoding to Unicode with XML markings. See details in notes.</resp>
<resp>ScanReplace/EditWLC[30 Dec 2020] - Edits/removes transcription notes; removes MDs.</resp>
<resp>ScanReplace/InsertCGJs[29 Dec 2020] - Places CGJ in Jerusalem VUV words and leading metegs.</resp>
<resp>Updater[15 Sep 2023] - Changes.xml file dated 2020.02.19 . </resp>
<resp>Updater[15 Sep 2023] - Changes.xml file dated 2020.10.19 . </resp>
<resp>Updater[15 Sep 2023] - Changes.xml file dated 2021.04.01 . </resp>
<resp>Updater[15 Sep 2023] - Changes.xml file dated 2021.10.19 . </resp>
<resp>Updater[15 Sep 2023] - Changes.xml file dated 2022.04.01 . </resp>
<resp>Updater[15 Sep 2023] - Changes.xml file dated 2022.07.04 . </resp>
<resp>Updater[15 Sep 2023] - Changes.xml file dated 2022.10.19 . </resp>
<resp>Updater[15 Sep 2023] - Changes.xml file dated 2022.12.07 . </resp>
<resp>Updater[15 Sep 2023] - Changes.xml file dated 2023.04.01 . </resp>
<resp>Updater[15 Sep 2023] - Changes.xml file dated 2023.07.04 . </resp>
<resp>Updater[15 Sep 2023] - Changes.xml file dated 2023.10.19 . </resp>
</respStmt>
    </editionStmt>
    <extent>37809</extent>
    <publicationStmt>
      <distributor>Via web site:
        <name>Christopher V. Kimball</name>
        <name type="url">https://tanach.us/Tanach.xml</name>
        <name type="email">mail@cvkimball.com</name>
      </distributor>
      <availability status="free">Freely available</availability>
    </publicationStmt>
    <notesStmt>
      <note>The original text file wlc420_ps.txt was provided by the Groves Center. 
The file has the MD5 hash: d31a 6a6e 9afa bf82 272c 2efb 0522 a12e 
and was dated 25 Jan 2016. Six transcription notes (5,7,F) have been moved to the noted character (Lev 11:42.4, Judg 18:30.11, Isa 9.6.1, Ps 80:14.3, Job 38:13.5, Job 38:15.2) to produce the file wlc420_ps_td.txt for conversion to Unicode and XML by the program WLC2XML. The only other changes to the Groves Center text are: The book names in English and Hebrew of the Jewish Publication Society Tanach and book abbreviations from the New Revised Standard Version have been added. MC code 32 added as atnah hafukh by Steve Salisbury, 30 Sep 2021. The atnah hafukh codepoint, x05a2, has been added to the character table; it does not appear in WLC 4.20. </note>
    <correction>
<citation>2:17.4</citation>
<description>Move tipeha under tav to under resh. Add note 't'.</description>
<author>Daniel Holman</author>
<filedate>2023.04.01</filedate>
<date>2022.12.12</date>
<n>15</n>
</correction>
<correction>
<citation>3:10.27</citation>
<description>Remove maqaf from end of word.</description>
<author>Daniel Holman</author>
<filedate>2023.04.01</filedate>
<date>2022.12.12</date>
<n>16</n>
</correction>
<correction>
<citation>3:10.28</citation>
<description>Remove maqaf from end of word.</description>
<author>Daniel Holman</author>
<filedate>2023.04.01</filedate>
<date>2022.12.12</date>
<n>17</n>
</correction>
</notesStmt>
    <sourceDesc>
      <biblItem>
        <title>Hebrew Bible</title>
        <title>Leningrad Codex</title>
        <editor>Shemu'el ben Ya'akov</editor>
        <editor>Aharon ben-Mosheh ben-Asher</editor>
        <edition>Original document</edition>
        <imprint>
          <publisher>Russian National Library (Saltykov-Shchedrin)</publisher>
          <pubPlace>St. Petersburg (Leningrad)</pubPlace>
          <date>1008</date>
        </imprint>
        <idno type="Accession">Firkovich B 19 A</idno>
      </biblItem>
      <biblItem>
        <title>The Leningrad Codex - A Facsimile Edition</title>
        <editor>Freedman, David Noel</editor>
        <editor>Beck, Astrid B.</editor>
        <edition>First</edition>
        <imprint>
          <publisher>Wm. B. Eerdmans Publishing Co.</publisher>
          <pubPlace>Grand Rapids, MI</pubPlace>
          <date>1998</date>
        </imprint>
        <idno type="IBSN">0-8028-3786-7</idno>
      </biblItem>
      <biblItem>
        <title>The Westminster Leningrad Codex</title>
        <editor>Salisbury, Stephen K.</editor>
        <edition>WLC 4.20</edition>
        <imprint>
          <publisher>The J. Alan Groves Center for Advanced Biblical Research ("Groves Center").</publisher>
          <pubPlace>2960 Church Rd.</pubPlace>
          <pubPlace>Glenside, PA 19038</pubPlace>
          <date>25 January 2016</date>
        </imprint>
        <idno type="Unknown"/>
      </biblItem>
    </sourceDesc>
  </fileDesc>
  <encodingDesc>
  </encodingDesc>
  <profileDesc>
    <creation>From WLC 4.20 provided by the Groves Center.</creation>
    <date>25 Jan 2016</date>
    <langUsage>
      <language ident="HE">Hebrew</language>
    </langUsage>
  </profileDesc>
</teiHeader>
<tanach>
  <book>
    <names>
      <name>Malachi</name>
      <abbrev>Mal</abbrev>
      <number>26</number>
      <filename>Malachi</filename>
      <hebrewname>מלאכי</hebrewname>
    </names>
    <c n="1">
      <v n="1">
        <w>מַשָּׂ֥א</w>
        <w>דְבַר־</w>
        <w>יְהוָ֖ה</w>
        <w>אֶל־</w>
        <w>יִשְׂרָאֵ֑ל</w>
        <w>בְּיַ֖ד</w>
        <w>מַלְאָכִֽי׃</w>
      </v>
      <v n="2">
        <w>אָהַ֤בְתִּי</w>
        <w>אֶתְכֶם֙</w>
        <w>אָמַ֣ר</w>
        <w>יְהוָ֔ה</w>
        <w>וַאֲמַרְתֶּ֖ם</w>
        <w>בַּמָּ֣ה</w>
        <w>אֲהַבְתָּ֑נוּ</w>
        <w>הֲלוֹא־</w>
        <w>אָ֨ח</w>
        <w>עֵשָׂ֤ו</w>
        <w>לְיַֽעֲקֹב֙</w>
        <w>נְאֻם־</w>
        <w>יְהוָ֔ה</w>
        <w>וָאֹהַ֖ב</w>
        <w>אֶֽת־</w>
        <w>יַעֲקֹֽב׃</w>
      </v>
      <v n="3">
        <w>וְאֶת־</w>
        <w>עֵשָׂ֖ו</w>
        <w>שָׂנֵ֑אתִי</w>
        <w>וָאָשִׂ֤ים</w>
        <w>אֶת־</w>
        <w>הָרָיו֙</w>
        <w>שְׁמָמָ֔ה</w>
        <w>וְאֶת־</w>
        <w>נַחֲלָת֖וֹ</w>
        <w>לְתַנּ֥וֹת</w>
        <w>מִדְבָּֽר׃</w>
      </v>
      <v n="4">
        <w>כִּֽי־</w>
        <w>תֹאמַ֨ר</w>
        <w>אֱד֜וֹם</w>
        <w>רֻשַּׁ֗שְׁנוּ</w>
        <w>וְנָשׁוּב֙</w>
        <w>וְנִבְנֶ֣ה</w>
        <w>חֳרָב֔וֹת</w>
        <w>כֹּ֤ה</w>
        <w>אָמַר֙</w>
        <w>יְהוָ֣ה</w>
        <w>צְבָא֔וֹת</w>
        <w>הֵ֥מָּה</w>
        <w>יִבְנ֖וּ</w>
        <w>וַאֲנִ֣י</w>
        <w>אֶהֱר֑וֹס</w>
        <w>וְקָרְא֤וּ</w>
        <w>לָהֶם֙</w>
        <w>גְּב֣וּל</w>
        <w>רִשְׁעָ֔ה</w>
        <w>וְהָעָ֛ם</w>
        <w>אֲשֶׁר־</w>
        <w>זָעַ֥ם</w>
        <w>יְהוָ֖ה</w>
        <w>עַד־</w>
        <w>עוֹלָֽם׃</w>
      </v>
      <v n="5">
        <w>וְעֵינֵיכֶ֖ם</w>
        <w>תִּרְאֶ֑ינָה</w>
        <w>וְאַתֶּ֤ם</w>
        <w>תֹּֽאמְרוּ֙</w>
        <w>יִגְדַּ֣ל</w>
        <w>יְהוָ֔ה</w>
        <w>מֵעַ֖ל</w>
        <w>לִגְב֥וּל</w>
        <w>יִשְׂרָאֵֽל׃</w>
      </v>
      <v n="6">
        <w>בֵּ֛ן</w>
        <w>יְכַבֵּ֥ד</w>
        <w>אָ֖ב</w>
        <w>וְעֶ֣בֶד</w>
        <w>אֲדֹנָ֑יו</w>
        <w>וְאִם־</w>
        <w>אָ֣ב</w>
        <w>אָ֣נִי</w>
        <w>אַיֵּ֣ה</w>
        <w>כְבוֹדִ֡י</w>
        <w>וְאִם־</w>
        <w>אֲדוֹנִ֣ים</w>
        <w>אָנִי֩</w>
        <w>אַיֵּ֨ה</w>
        <w>מוֹרָאִ֜י</w>
        <w>אָמַ֣ר ׀</w>
        <w>יְהוָ֣ה</w>
        <w>צְבָא֗וֹת</w>
        <w>לָכֶם֙</w>
        <w>הַכֹּֽהֲנִים֙</w>
        <w>בּוֹזֵ֣י</w>
        <w>שְׁמִ֔י</w>
        <w>וַאֲמַרְתֶּ֕ם</w>
        <w>בַּמֶּ֥ה</w>
        <w>בָזִ֖ינוּ</w>
        <w>אֶת־</w>
        <w>שְׁמֶֽךָ׃</w>
      </v>
      <v n="7">
        <w>מַגִּישִׁ֤ים</w>
        <w>עַֽל־</w>
        <w>מִזְבְּחִי֙</w>
        <w>לֶ֣חֶם</w>
        <w>מְגֹאָ֔ל</w>
        <w>וַאֲמַרְתֶּ֖ם</w>
        <w>בַּמֶּ֣ה</w>
        <w>גֵֽאַלְנ֑וּךָ</w>
        <w>בֶּאֱמָרְכֶ֕ם</w>
        <w>שֻׁלְחַ֥ן</w>
        <w>יְהוָ֖ה</w>
        <w>נִבְזֶ֥ה</w>
        <w>הֽוּא׃</w>
      </v>
      <v n="8">
        <w>וְכִֽי־</w>
        <w>תַגִּשׁ֨וּן</w>
        <w>עִוֵּ֤ר</w>
        <w>לִזְבֹּ֙חַ֙</w>
        <w>אֵ֣ין</w>
        <w>רָ֔ע</w>
        <w>וְכִ֥י</w>
        <w>תַגִּ֛ישׁוּ</w>
        <w>פִּסֵּ֥חַ</w>
        <w>וְחֹלֶ֖ה</w>
        <w>אֵ֣ין</w>
        <w>רָ֑ע</w>
        <w>הַקְרִיבֵ֨הוּ</w>
        <w>נָ֜א</w>
        <w>לְפֶחָתֶ֗ךָ</w>
        <w>הֲיִּרְצְךָ֙</w>
        <w>א֚וֹ</w>
        <w>הֲיִשָּׂ֣א</w>
        <w>פָנֶ֔יךָ</w>
        <w>אָמַ֖ר</w>
        <w>יְהוָ֥ה</w>
        <w>צְבָאֽוֹת׃</w>
      </v>
      <v n="9">
        <w>וְעַתָּ֛ה</w>
        <w>חַלּוּ־</w>
        <w>נָ֥א</w>
        <w>פְנֵי־</w>
        <w>אֵ֖ל</w>
        <w>וִֽיחָנֵ֑נוּ</w>
        <w>מִיֶּדְכֶם֙</w>
        <w>הָ֣יְתָה</w>
        <w>זֹּ֔את</w>
        <w>הֲיִשָּׂ֤א</w>
        <w>מִכֶּם֙</w>
        <w>פָּנִ֔ים</w>
        <w>אָמַ֖ר</w>
        <w>יְהוָ֥ה</w>
        <w>צְבָאֽוֹת׃</w>
      </v>
      <v n="10">
        <w>מִ֤י</w>
        <w>גַם־</w>
        <w>בָּכֶם֙</w>
        <w>וְיִסְגֹּ֣ר</w>
        <w>דְּלָתַ֔יִם</w>
        <w>וְלֹֽא־</w>
        <w>תָאִ֥ירוּ</w>
        <w>מִזְבְּחִ֖י</w>
        <w>חִנָּ֑ם</w>
        <w>אֵֽין־</w>
        <w>לִ֨י</w>
        <w>חֵ֜פֶץ</w>
        <w>בָּכֶ֗ם</w>
        <w>אָמַר֙</w>
        <w>יְהוָ֣ה</w>
        <w>צְבָא֔וֹת</w>
        <w>וּמִנְחָ֖ה</w>
        <w>לֹֽא־</w>
        <w>אֶרְצֶ֥ה</w>
        <w>מִיֶּדְכֶֽם׃</w>
      </v>
      <v n="11">
        <w>כִּ֣י</w>
        <w>מִמִּזְרַח־</w>
        <w>שֶׁ֜מֶשׁ</w>
        <w>וְעַד־</w>
        <w>מְבוֹא֗וֹ</w>
        <w>גָּד֤וֹל</w>
        <w>שְׁמִי֙</w>
        <w>בַּגּוֹיִ֔ם</w>
        <w>וּבְכָל־</w>
        <w>מָק֗וֹם</w>
        <w>מֻקְטָ֥ר</w>
        <w>מֻגָּ֛שׁ</w>
        <w>לִשְׁמִ֖י</w>
        <w>וּמִנְחָ֣ה</w>
        <w>טְהוֹרָ֑ה</w>
        <w>כִּֽי־</w>
        <w>גָד֤וֹל</w>
        <w>שְׁמִי֙</w>
        <w>בַּגּוֹיִ֔ם</w>
        <w>אָמַ֖ר</w>
        <w>יְהוָ֥ה</w>
        <w>צְבָאֽוֹת׃</w>
      </v>
      <v n="12">
        <w>וְאַתֶּ֖ם</w>
        <w>מְחַלְּלִ֣ים</w>
        <w>אוֹת֑וֹ</w>
        <w>בֶּאֱמָרְכֶ֗ם</w>
        <w>שֻׁלְחַ֤ן</w>
        <w>אֲדֹנָי֙</w>
        <w>מְגֹאָ֣ל</w>
        <w>ה֔וּא</w>
        <w>וְנִיב֖וֹ</w>
        <w>נִבְזֶ֥ה</w>
        <w>אָכְלֽוֹ׃</w>
      </v>
      <v n="13">
        <w>וַאֲמַרְתֶּם֩</w>
        <w>הִנֵּ֨ה</w>
        <w>מַתְּלָאָ֜ה</w>
        <w>וְהִפַּחְתֶּ֣ם</w>
        <w>אוֹת֗וֹ</w>
        <w>אָמַר֙</w>
        <w>יְהוָ֣ה</w>
        <w>צְבָא֔וֹת</w>
        <w>וַהֲבֵאתֶ֣ם</w>
        <w>גָּז֗וּל</w>
        <w>וְאֶת־</w>
        <w>הַפִּסֵּ֙חַ֙</w>
        <w>וְאֶת־</w>
        <w>הַ֣חוֹלֶ֔ה</w>
        <w>וַהֲבֵאתֶ֖ם</w>
        <w>אֶת־</w>
        <w>הַמִּנְחָ֑ה</w>
        <w>הַאֶרְצֶ֥ה</w>
        <w>אוֹתָ֛הּ</w>
        <w>מִיֶּדְכֶ֖ם</w>
        <w>אָמַ֥ר</w>
        <w>יְהוָֽה׃</w>
        <samekh/>
      </v>
      <v n="14">
        <w>וְאָר֣וּר</w>
        <w>נוֹכֵ֗ל</w>
        <w>וְיֵ֤שׁ</w>
        <w>בְּעֶדְרוֹ֙</w>
        <w>זָכָ֔ר</w>
        <w>וְנֹדֵ֛ר</w>
        <w>וְזֹבֵ֥חַ</w>
        <w>מָשְׁחָ֖ת</w>
        <w>לַֽאדֹנָ֑י</w>
        <w>כִּי֩</w>
        <w>מֶ֨לֶךְ</w>
        <w>גָּד֜וֹל</w>
        <w>אָ֗נִי</w>
        <w>אָמַר֙</w>
        <w>יְהוָ֣ה</w>
        <w>צְבָא֔וֹת</w>
        <w>וּשְׁמִ֖י</w>
        <w>נוֹרָ֥א</w>
        <w>בַגּוֹיִֽם׃</w>
      </v>
      <vs>14</vs>
    </c>
    <c n="2">
      <v n="1">
        <w>וְעַתָּ֗ה</w>
        <w>אֲלֵיכֶ֛ם</w>
        <w>הַמִּצְוָ֥ה</w>
        <w>הַזֹּ֖את</w>
        <w>הַכֹּהֲנִֽים׃</w>
      </v>
      <v n="2">
        <w>אִם־</w>
        <w>לֹ֣א</w>
        <w>תִשְׁמְע֡וּ</w>
        <w>וְאִם־</w>
        <w>לֹא֩</w>
        <w>תָשִׂ֨ימוּ</w>
        <w>עַל־</w>
        <w>לֵ֜ב</w>
        <w>לָתֵ֧ת</w>
        <w>כָּב֣וֹד</w>
        <w>לִשְׁמִ֗י</w>
        <w>אָמַר֙</w>
        <w>יְהוָ֣ה</w>
        <w>צְבָא֔וֹת</w>
        <w>וְשִׁלַּחְתִּ֤י</w>
        <w>בָכֶם֙</w>
        <w>אֶת־</w>
        <w>הַמְּאֵרָ֔ה</w>
        <w>וְאָרוֹתִ֖י</w>
        <w>אֶת־</w>
        <w>בִּרְכֽוֹתֵיכֶ֑ם</w>
        <w>וְגַם֙</w>
        <w>אָרוֹתִ֔יהָ</w>
        <w>כִּ֥י</w>
        <w>אֵינְכֶ֖ם</w>
        <w>שָׂמִ֥ים</w>
        <w>עַל־</w>
        <w>לֵֽב׃</w>
      </v>
      <v n="3">
        <w>הִנְנִ֨י</w>
        <w>גֹעֵ֤ר</w>
        <w>לָכֶם֙</w>
        <w>אֶת־</w>
        <w>הַזֶּ֔רַע</w>
        <w>וְזֵרִ֤יתִי</w>
        <w>פֶ֙רֶשׁ֙</w>
        <w>עַל־</w>
        <w>פְּנֵיכֶ֔ם</w>
        <w>פֶּ֖רֶשׁ</w>
        <w>חַגֵּיכֶ֑ם</w>
        <w>וְנָשָׂ֥א</w>
        <w>אֶתְכֶ֖ם</w>
        <w>אֵלָֽיו׃</w>
      </v>
      <v n="4">
        <w>וִֽידַעְתֶּ֕ם</w>
        <w>כִּ֚י</w>
        <w>שִׁלַּ֣חְתִּי</w>
        <w>אֲלֵיכֶ֔ם</w>
        <w>אֵ֖ת</w>
        <w>הַמִּצְוָ֣ה</w>
        <w>הַזֹּ֑את</w>
        <w>לִֽהְי֤וֹת</w>
        <w>בְּרִיתִי֙</w>
        <w>אֶת־</w>
        <w>לֵוִ֔י</w>
        <w>אָמַ֖ר</w>
        <w>יְהוָ֥ה</w>
        <w>צְבָאֽוֹת׃</w>
      </v>
      <v n="5">
        <w>בְּרִיתִ֣י ׀</w>
        <w>הָיְתָ֣ה</w>
        <w>אִתּ֗וֹ</w>
        <w>הַֽחַיִּים֙</w>
        <w>וְהַ֨שָּׁל֔וֹם</w>
        <w>וָאֶתְּנֵֽם־</w>
        <w>ל֥וֹ</w>
        <w>מוֹרָ֖א</w>
        <w>וַיִּֽירָאֵ֑נִי</w>
        <w>וּמִפְּנֵ֥י</w>
        <w>שְׁמִ֖י</w>
        <w>נִחַ֥ת</w>
        <w>הֽוּא׃</w>
      </v>
      <v n="6">
        <w>תּוֹרַ֤ת</w>
        <w>אֱמֶת֙</w>
        <w>הָיְתָ֣ה</w>
        <w>בְּפִ֔יהוּ</w>
        <w>וְעַוְלָ֖ה</w>
        <w>לֹא־</w>
        <w>נִמְצָ֣א</w>
        <w>בִשְׂפָתָ֑יו</w>
        <w>בְּשָׁל֤וֹם</w>
        <w>וּבְמִישׁוֹר֙</w>
        <w>הָלַ֣ךְ</w>
        <w>אִתִּ֔י</w>
        <w>וְרַבִּ֖ים</w>
        <w>הֵשִׁ֥יב</w>
        <w>מֵעָוֺֽן׃</w>
      </v>
      <v n="7">
        <w>כִּֽי־</w>
        <w>שִׂפְתֵ֤י</w>
        <w>כֹהֵן֙</w>
        <w>יִשְׁמְרוּ־</w>
        <w>דַ֔עַת</w>
        <w>וְתוֹרָ֖ה</w>
        <w>יְבַקְשׁ֣וּ</w>
        <w>מִפִּ֑יהוּ</w>
        <w>כִּ֛י</w>
        <w>מַלְאַ֥ךְ</w>
        <w>יְהוָֽה־</w>
        <w>צְבָא֖וֹת</w>
        <w>הֽוּא׃</w>
      </v>
      <v n="8">
        <w>וְאַתֶּם֙</w>
        <w>סַרְתֶּ֣ם</w>
        <w>מִן־</w>
        <w>הַדֶּ֔רֶךְ</w>
        <w>הִכְשַׁלְתֶּ֥ם</w>
        <w>רַבִּ֖ים</w>
        <w>בַּתּוֹרָ֑ה</w>
        <w>שִֽׁחַתֶּם֙</w>
        <w>בְּרִ֣ית</w>
        <w>הַלֵּוִ֔י</w>
        <w>אָמַ֖ר</w>
        <w>יְהוָ֥ה</w>
        <w>צְבָאֽוֹת׃</w>
      </v>
      <v n="9">
        <w>וְגַם־</w>
        <w>אֲנִ֞י</w>
        <w>נָתַ֧תִּי</w>
        <w>אֶתְכֶ֛ם</w>
        <w>נִבְזִ֥ים</w>
        <w>וּשְׁפָלִ֖ים</w>
        <w>לְכָל־</w>
        <w>הָעָ֑ם</w>
        <w>כְּפִ֗י</w>
        <w>אֲשֶׁ֤ר</w>
        <w>אֵֽינְכֶם֙</w>
        <w>שֹׁמְרִ֣ים</w>
        <w>אֶת־</w>
        <w>דְּרָכַ֔י</w>
        <w>וְנֹשְׂאִ֥ים</w>
        <w>פָּנִ֖ים</w>
        <w>בַּתּוֹרָֽה׃</w>
        <pe/>
      </v>
      <v n="10">
        <w>הֲל֨וֹא</w>
        <w>אָ֤ב</w>
        <w>אֶחָד֙</w>
        <w>לְכֻלָּ֔נוּ</w>
        <w>הֲל֛וֹא</w>
        <w>אֵ֥ל</w>
        <w>אֶֽחָ֖ד</w>
        <w>בְּרָאָ֑נוּ</w>
        <w>מַדּ֗וּעַ</w>
        <w>נִבְגַּד֙</w>
        <w>אִ֣ישׁ</w>
        <w>בְּאָחִ֔יו</w>
        <w>לְחַלֵּ֖ל</w>
        <w>בְּרִ֥ית</w>
        <w>אֲבֹתֵֽינוּ׃</w>
      </v>
      <v n="11">
        <w>בָּגְדָ֣ה</w>
        <w>יְהוּדָ֔ה</w>
        <w>וְתוֹעֵבָ֛ה</w>
        <w>נֶעֶשְׂתָ֥ה</w>
        <w>בְיִשְׂרָאֵ֖ל</w>
        <w>וּבִירֽוּשָׁלָ֑͏ִם</w>
        <w>כִּ֣י ׀</w>
        <w>חִלֵּ֣ל</w>
        <w>יְהוּדָ֗ה</w>
        <w>קֹ֤דֶשׁ</w>
        <w>יְהוָה֙</w>
        <w>אֲשֶׁ֣ר</w>
        <w>אָהֵ֔ב</w>
        <w>וּבָעַ֖ל</w>
        <w>בַּת־</w>
        <w>אֵ֥ל</w>
        <w>נֵכָֽר׃</w>
      </v>
      <v n="12">
        <w>יַכְרֵ֨ת</w>
        <w>יְהוָ֜ה</w>
        <w>לָאִ֨ישׁ</w>
        <w>אֲשֶׁ֤ר</w>
        <w>יַעֲשֶׂ֙נָּה֙</w>
        <w>עֵ֣ר</w>
        <w>וְעֹנֶ֔ה</w>
        <w>מֵאָהֳלֵ֖י</w>
        <w>יַֽעֲקֹ֑ב</w>
        <w>וּמַגִּ֣ישׁ</w>
        <w>מִנְחָ֔ה</w>
        <w>לַֽיהוָ֖ה</w>
        <w>צְבָאֽוֹת׃</w>
        <pe/>
      </v>
      <v n="13">
        <w>וְזֹאת֙</w>
        <w>שֵׁנִ֣ית</w>
        <w>תַּֽעֲשׂ֔וּ</w>
        <w>כַּסּ֤וֹת</w>
        <w>דִּמְעָה֙</w>
        <w>אֶת־</w>
        <w>מִזְבַּ֣ח</w>
        <w>יְהוָ֔ה</w>
        <w>בְּכִ֖י</w>
        <w>וַֽאֲנָקָ֑ה</w>
        <w>מֵאֵ֣ין</w>
        <w>ע֗וֹד</w>
        <w>פְּנוֹת֙</w>
        <w>אֶל־</w>
        <w>הַמִּנְחָ֔ה</w>
        <w>וְלָקַ֥חַת</w>
        <w>רָצ֖וֹן</w>
        <w>מִיֶּדְכֶֽם׃</w>
      </v>
      <v n="14">
        <w>וַאֲמַרְתֶּ֖ם</w>
        <w>עַל־</w>
        <w>מָ֑ה</w>
        <w>עַ֡ל</w>
        <w>כִּי־</w>
        <w>יְהוָה֩</w>
        <w>הֵעִ֨יד</w>
        <w>בֵּינְךָ֜</w>
        <w>וּבֵ֣ין ׀</w>
        <w>אֵ֣שֶׁת</w>
        <w>נְעוּרֶ֗יךָ</w>
        <w>אֲשֶׁ֤ר</w>
        <w>אַתָּה֙</w>
        <w>בָּגַ֣דְתָּה</w>
        <w>בָּ֔הּ</w>
        <w>וְהִ֥יא</w>
        <w>חֲבֶרְתְּךָ֖</w>
        <w>וְאֵ֥שֶׁת</w>
        <w>בְּרִיתֶֽךָ׃</w>
      </v>
      <v n="15">
        <w>וְלֹא־</w>
        <w>אֶחָ֣ד</w>
        <w>עָשָׂ֗ה</w>
        <w>וּשְׁאָ֥ר</w>
        <w>ר֙וּחַ֙</w>
        <w>ל֔וֹ</w>
        <w>וּמָה֙</w>
        <w>הָֽאֶחָ֔ד</w>
        <w>מְבַקֵּ֖שׁ</w>
        <w>זֶ֣רַע</w>
        <w>אֱלֹהִ֑ים</w>
        <w>וְנִשְׁמַרְתֶּם֙</w>
        <w>בְּר֣וּחֲכֶ֔ם</w>
        <w>וּבְאֵ֥שֶׁת</w>
        <w>נְעוּרֶ֖יךָ</w>
        <w>אַל־</w>
        <w>יִבְגֹּֽד׃</w>
      </v>
      <v n="16">
        <w>כִּֽי־</w>
        <w>שָׂנֵ֣א</w>
        <w>שַׁלַּ֗ח</w>
        <w>אָמַ֤ר</w>
        <w>יְהוָה֙</w>
        <w>אֱלֹהֵ֣י</w>
        <w>יִשְׂרָאֵ֔ל</w>
        <w>וְכִסָּ֤ה</w>
        <w>חָמָס֙</w>
        <w>עַל־</w>
        <w>לְבוּשׁ֔וֹ</w>
        <w>אָמַ֖ר</w>
        <w>יְהוָ֣ה</w>
        <w>צְבָא֑וֹת</w>
        <w>וְנִשְׁמַרְתֶּ֥ם</w>
        <w>בְּרוּחֲכֶ֖ם</w>
        <w>וְלֹ֥א</w>
        <w>תִבְגֹּֽדוּ׃</w>
        <samekh/>
      </v>
      <v n="17">
        <w>הוֹגַעְתֶּ֤ם</w>
        <w>יְהוָה֙</w>
        <w>בְּדִבְרֵיכֶ֔ם</w>
        <w>וַאֲמַרְ֖<x>t</x>תֶּם</w>
        <w>בַּמָּ֣ה</w>
        <w>הוֹגָ֑עְנוּ</w>
        <w>בֶּאֱמָרְכֶ֗ם</w>
        <w>כָּל־</w>
        <w>עֹ֨שֵׂה</w>
        <w>רָ֜ע</w>
        <w>ט֣וֹב ׀</w>
        <w>בְּעֵינֵ֣י</w>
        <w>יְהוָ֗ה</w>
        <w>וּבָהֶם֙</w>
        <w>ה֣וּא</w>
        <w>חָפֵ֔ץ</w>
        <w>א֥וֹ</w>
        <w>אַיֵּ֖ה</w>
        <w>אֱלֹהֵ֥י</w>
        <w>הַמִּשְׁפָּֽט׃</w>
      </v>
      <vs>17</vs>
    </c>
    <c n="3">
      <v n="1">
        <w>הִנְנִ֤י</w>
        <w>שֹׁלֵחַ֙</w>
        <w>מַלְאָכִ֔י</w>
        <w>וּפִנָּה־</w>
        <w>דֶ֖רֶךְ</w>
        <w>לְפָנָ֑י</w>
        <w>וּפִתְאֹם֩</w>
        <w>יָב֨וֹא</w>
        <w>אֶל־</w>
        <w>הֵיכָל֜וֹ</w>
        <w>הָאָד֣וֹן ׀</w>
        <w>אֲשֶׁר־</w>
        <w>אַתֶּ֣ם</w>
        <w>מְבַקְשִׁ֗ים</w>
        <w>וּמַלְאַ֨ךְ</w>
        <w>הַבְּרִ֜ית</w>
        <w>אֲשֶׁר־</w>
        <w>אַתֶּ֤ם</w>
        <w>חֲפֵצִים֙</w>
        <w>הִנֵּה־</w>
        <w>בָ֔א</w>
        <w>אָמַ֖ר</w>
        <w>יְהוָ֥ה</w>
        <w>צְבָאֽוֹת׃</w>
      </v>
      <v n="2">
        <w>וּמִ֤י</w>
        <w>מְכַלְכֵּל֙</w>
        <w>אֶת־</w>
        <w>י֣וֹם</w>
        <w>בּוֹא֔וֹ</w>
        <w>וּמִ֥י</w>
        <w>הָעֹמֵ֖ד</w>
        <w>בְּהֵרָֽאוֹת֑וֹ</w>
        <w>כִּֽי־</w>
        <w>הוּא֙</w>
        <w>כְּאֵ֣שׁ</w>
        <w>מְצָרֵ֔ף</w>
        <w>וּכְבֹרִ֖ית</w>
        <w>מְכַבְּסִֽים׃</w>
      </v>
      <v n="3">
        <w>וְיָשַׁ֨ב</w>
        <w>מְצָרֵ֤ף</w>
        <w>וּמְטַהֵר֙</w>
        <w>כֶּ֔סֶף</w>
        <w>וְטִהַ֤ר</w>
        <w>אֶת־</w>
        <w>בְּנֵֽי־</w>
        <w>לֵוִי֙</w>
        <w>וְזִקַּ֣ק</w>
        <w>אֹתָ֔ם</w>
        <w>כַּזָּהָ֖ב</w>
        <w>וְכַכָּ֑סֶף</w>
        <w>וְהָיוּ֙</w>
        <w>לַֽיהוָ֔ה</w>
        <w>מַגִּישֵׁ֥י</w>
        <w>מִנְחָ֖ה</w>
        <w>בִּצְדָקָֽה׃</w>
      </v>
      <v n="4">
        <w>וְעָֽרְבָה֙</w>
        <w>לַֽיהוָ֔ה</w>
        <w>מִנְחַ֥ת</w>
        <w>יְהוּדָ֖ה</w>
        <w>וִירֽוּשָׁלָ֑͏ִם</w>
        <w>כִּימֵ֣י</w>
        <w>עוֹלָ֔ם</w>
        <w>וּכְשָׁנִ֖ים</w>
        <w>קַדְמֹנִיּֽוֹת׃</w>
      </v>
      <v n="5">
        <w>וְקָרַבְתִּ֣י</w>
        <w>אֲלֵיכֶם֮</w>
        <w>לַמִּשְׁפָּט֒</w>
        <w>וְהָיִ֣יתִי ׀</w>
        <w>עֵ֣ד</w>
        <w>מְמַהֵ֗ר</w>
        <w>בַּֽמְכַשְּׁפִים֙</w>
        <w>וּבַמְנָ֣אֲפִ֔ים</w>
        <w>וּבַנִּשְׁבָּעִ֖ים</w>
        <w>לַשָּׁ֑קֶר</w>
        <w>וּבְעֹשְׁקֵ֣י</w>
        <w>שְׂכַר־</w>
        <w>שָׂ֠כִיר</w>
        <w>אַלְמָנָ֨ה</w>
        <w>וְיָת֤וֹם</w>
        <w>וּמַטֵּי־</w>
        <w>גֵר֙</w>
        <w>וְלֹ֣א</w>
        <w>יְרֵא֔וּנִי</w>
        <w>אָמַ֖ר</w>
        <w>יְהוָ֥ה</w>
        <w>צְבָאֽוֹת׃</w>
      </v>
      <v n="6">
        <w>כִּ֛י</w>
        <w>אֲנִ֥י</w>
        <w>יְהוָ֖ה</w>
        <w>לֹ֣א</w>
        <w>שָׁנִ֑יתִי</w>
        <w>וְאַתֶּ֥ם</w>
        <w>בְּנֵֽי־</w>
        <w>יַעֲקֹ֖ב</w>
        <w>לֹ֥א</w>
        <w>כְלִיתֶֽם׃</w>
      </v>
      <v n="7">
        <w>לְמִימֵ֨י</w>
        <w>אֲבֹתֵיכֶ֜ם</w>
        <w>סַרְתֶּ֤ם</w>
        <w>מֵֽחֻקַּי֙</w>
        <w>וְלֹ֣א</w>
        <w>שְׁמַרְתֶּ֔ם</w>
        <w>שׁ֤וּבוּ</w>
        <w>אֵלַי֙</w>
        <w>וְאָשׁ֣וּבָה</w>
        <w>אֲלֵיכֶ֔ם</w>
        <w>אָמַ֖ר</w>
        <w>יְהוָ֣ה</w>
        <w>צְבָא֑וֹת</w>
        <w>וַאֲמַרְתֶּ֖ם</w>
        <w>בַּמֶּ֥ה</w>
        <w>נָשֽׁוּב׃</w>
      </v>
      <v n="8">
        <w>הֲיִקְבַּ֨ע</w>
        <w>אָדָ֜ם</w>
        <w>אֱלֹהִ֗ים</w>
        <w>כִּ֤י</w>
        <w>אַתֶּם֙</w>
        <w>קֹבְעִ֣ים</w>
        <w>אֹתִ֔י</w>
        <w>וַאֲמַרְתֶּ֖ם</w>
        <w>בַּמֶּ֣ה</w>
        <w>קְבַעֲנ֑וּךָ</w>
        <w>הַֽמַּעֲשֵׂ֖ר</w>
        <w>וְהַתְּרוּמָֽה׃</w>
      </v>
      <v n="9">
        <w>בַּמְּאֵרָה֙</w>
        <w>אַתֶּ֣ם</w>
        <w>נֵֽאָרִ֔ים</w>
        <w>וְאֹתִ֖י</w>
        <w>אַתֶּ֣ם</w>
        <w>קֹבְעִ֑ים</w>
        <w>הַגּ֖וֹי</w>
        <w>כֻּלּֽוֹ׃</w>
      </v>
      <v n="10">
        <w>הָבִ֨יאוּ</w>
        <w>אֶת־</w>
        <w>כָּל־</w>
        <w>הַֽמַּעֲשֵׂ֜ר</w>
        <w>אֶל־</w>
        <w>בֵּ֣ית</w>
        <w>הָאוֹצָ֗ר</w>
        <w>וִיהִ֥י</w>
        <w>טֶ֙רֶף֙</w>
        <w>בְּבֵיתִ֔י</w>
        <w>וּבְחָנ֤וּנִי</w>
        <w>נָא֙</w>
        <w>בָּזֹ֔את</w>
        <w>אָמַ֖ר</w>
        <w>יְהוָ֣ה</w>
        <w>צְבָא֑וֹת</w>
        <w>אִם־</w>
        <w>לֹ֧א</w>
        <w>אֶפְתַּ֣ח</w>
        <w>לָכֶ֗ם</w>
        <w>אֵ֚ת</w>
        <w>אֲרֻבּ֣וֹת</w>
        <w>הַשָּׁמַ֔יִם</w>
        <w>וַהֲרִיקֹתִ֥י</w>
        <w>לָכֶ֛ם</w>
        <w>בְּרָכָ֖ה</w>
        <w>עַד</w>
        <w>בְּלִי</w>
        <w>דָֽי׃</w>
      </v>
      <v n="11">
        <w>וְגָעַרְתִּ֤י</w>
        <w>לָכֶם֙</w>
        <w>בָּֽאֹכֵ֔ל</w>
        <w>וְלֹֽא־</w>
        <w>יַשְׁחִ֥ת</w>
        <w>לָכֶ֖ם</w>
        <w>אֶת־</w>
        <w>פְּרִ֣י</w>
        <w>הָאֲדָמָ֑ה</w>
        <w>וְלֹא־</w>
        <w>תְשַׁכֵּ֨ל</w>
        <w>לָכֶ֤ם</w>
        <w>הַגֶּ֙פֶן֙</w>
        <w>בַּשָּׂדֶ֔ה</w>
        <w>אָמַ֖ר</w>
        <w>יְהוָ֥ה</w>
        <w>צְבָאֽוֹת׃</w>
      </v>
      <v n="12">
        <w>וְאִשְּׁר֥וּ</w>
        <w>אֶתְכֶ֖ם</w>
        <w>כָּל־</w>
        <w>הַגּוֹיִ֑ם</w>
        <w>כִּֽי־</w>
        <w>תִהְי֤וּ</w>
        <w>אַתֶּם֙</w>
        <w>אֶ֣רֶץ</w>
        <w>חֵ֔פֶץ</w>
        <w>אָמַ֖ר</w>
        <w>יְהוָ֥ה</w>
        <w>צְבָאֽוֹת׃</w>
        <samekh/>
      </v>
      <v n="13">
        <w>חָזְק֥וּ</w>
        <w>עָלַ֛י</w>
        <w>דִּבְרֵיכֶ֖ם</w>
        <w>אָמַ֣ר</w>
        <w>יְהוָ֑ה</w>
        <w>וַאֲמַרְתֶּ֕ם</w>
        <w>מַה־</w>
        <w>נִּדְבַּ֖רְנוּ</w>
        <w>עָלֶֽיךָ׃</w>
      </v>
      <v n="14">
        <w>אֲמַרְתֶּ֕ם</w>
        <w>שָׁ֖וְא</w>
        <w>עֲבֹ֣ד</w>
        <w>אֱלֹהִ֑ים</w>
        <w>וּמַה־</w>
        <w>בֶּ֗צַע</w>
        <w>כִּ֤י</w>
        <w>שָׁמַ֙רְנוּ֙</w>
        <w>מִשְׁמַרְתּ֔וֹ</w>
        <w>וְכִ֤י</w>
        <w>הָלַ֙כְנוּ֙</w>
        <w>קְדֹ֣רַנִּ֔ית</w>
        <w>מִפְּנֵ֖י</w>
        <w>יְהוָ֥ה</w>
        <w>צְבָאֽוֹת׃</w>
      </v>
      <v n="15">
        <w>וְעַתָּ֕ה</w>
        <w>אֲנַ֖חְנוּ</w>
        <w>מְאַשְּׁרִ֣ים</w>
        <w>זֵדִ֑ים</w>
        <w>גַּם־</w>
        <w>נִבְנוּ֙</w>
        <w>עֹשֵׂ֣י</w>
        <w>רִשְׁעָ֔ה</w>
        <w>גַּ֧ם</w>
        <w>בָּחֲנ֛וּ</w>
        <w>אֱלֹהִ֖ים</w>
        <w>וַיִּמָּלֵֽטוּ׃</w>
      </v>
      <v n="16">
        <w>אָ֧ז</w>
        <w>נִדְבְּר֛וּ</w>
        <w>יִרְאֵ֥י</w>
        <w>יְהוָ֖ה</w>
        <w>אִ֣ישׁ</w>
        <w>אֶת־</w>
        <w>רֵעֵ֑הוּ</w>
        <w>וַיַּקְשֵׁ֤ב</w>
        <w>יְהוָה֙</w>
        <w>וַיִּשְׁמָ֔ע</w>
        <w>וַ֠יִּכָּתֵב</w>
        <w>סֵ֣פֶר</w>
        <w>זִכָּר֤וֹן</w>
        <w>לְפָנָיו֙</w>
        <w>לְיִרְאֵ֣י</w>
        <w>יְהוָ֔ה</w>
        <w>וּלְחֹשְׁבֵ֖י</w>
        <w>שְׁמֽוֹ׃</w>
      </v>
      <v n="17">
        <w>וְהָ֣יוּ</w>
        <w>לִ֗י</w>
        <w>אָמַר֙</w>
        <w>יְהוָ֣ה</w>
        <w>צְבָא֔וֹת</w>
        <w>לַיּ֕וֹם</w>
        <w>אֲשֶׁ֥ר</w>
        <w>אֲנִ֖י</w>
        <w>עֹשֶׂ֣ה</w>
        <w>סְגֻלָּ֑ה</w>
        <w>וְחָמַלְתִּ֣י</w>
        <w>עֲלֵיהֶ֔ם</w>
        <w>כַּֽאֲשֶׁר֙</w>
        <w>יַחְמֹ֣ל</w>
        <w>אִ֔ישׁ</w>
        <w>עַל־</w>
        <w>בְּנ֖וֹ</w>
        <w>הָעֹבֵ֥ד</w>
        <w>אֹתֽוֹ׃</w>
      </v>
      <v n="18">
        <w>וְשַׁבְתֶּם֙</w>
        <w>וּרְאִיתֶ֔ם</w>
        <w>בֵּ֥ין</w>
        <w>צַדִּ֖יק</w>
        <w>לְרָשָׁ֑ע</w>
        <w>בֵּ֚ין</w>
        <w>עֹבֵ֣ד</w>
        <w>אֱלֹהִ֔ים</w>
        <w>לַאֲשֶׁ֖ר</w>
        <w>לֹ֥א</w>
        <w>עֲבָדֽוֹ׃</w>
        <samekh/>
      </v>
      <v n="19">
        <w>כִּֽי־</w>
        <w>הִנֵּ֤ה</w>
        <w>הַיּוֹם֙</w>
        <w>בָּ֔א</w>
        <w>בֹּעֵ֖ר</w>
        <w>כַּתַּנּ֑וּר</w>
        <w>וְהָי֨וּ</w>
        <w>כָל־</w>
        <w>זֵדִ֜ים</w>
        <w>וְכָל־</w>
        <w>עֹשֵׂ֤ה</w>
        <w>רִשְׁעָה֙</w>
        <w>קַ֔שׁ</w>
        <w>וְלִהַ֨ט</w>
        <w>אֹתָ֜ם</w>
        <w>הַיּ֣וֹם</w>
        <w>הַבָּ֗א</w>
        <w>אָמַר֙</w>
        <w>יְהוָ֣ה</w>
        <w>צְבָא֔וֹת</w>
        <w>אֲשֶׁ֛ר</w>
        <w>לֹא־</w>
        <w>יַעֲזֹ֥ב</w>
        <w>לָהֶ֖ם</w>
        <w>שֹׁ֥רֶשׁ</w>
        <w>וְעָנָֽף׃</w>
      </v>
      <v n="20">
        <w>וְזָרְחָ֨ה</w>
        <w>לָכֶ֜ם</w>
        <w>יִרְאֵ֤י</w>
        <w>שְׁמִי֙</w>
        <w>שֶׁ֣מֶשׁ</w>
        <w>צְדָקָ֔ה</w>
        <w>וּמַרְפֵּ֖א</w>
        <w>בִּכְנָפֶ֑יהָ</w>
        <w>וִֽיצָאתֶ֥ם</w>
        <w>וּפִשְׁתֶּ֖ם</w>
        <w>כְּעֶגְלֵ֥י</w>
        <w>מַרְבֵּֽק׃</w>
      </v>
      <v n="21">
        <w>וְעַסּוֹתֶ֣ם</w>
        <w>רְשָׁעִ֔ים</w>
        <w>כִּֽי־</w>
        <w>יִהְי֣וּ</w>
        <w>אֵ֔פֶר</w>
        <w>תַּ֖חַת</w>
        <w>כַּפּ֣וֹת</w>
        <w>רַגְלֵיכֶ֑ם</w>
        <w>בַּיּוֹם֙</w>
        <w>אֲשֶׁ֣ר</w>
        <w>אֲנִ֣י</w>
        <w>עֹשֶׂ֔ה</w>
        <w>אָמַ֖ר</w>
        <w>יְהוָ֥ה</w>
        <w>צְבָאֽוֹת׃</w>
        <pe/>
      </v>
      <v n="22">
        <w>זִכְר֕וּ</w>
        <w>תּוֹרַ֖ת</w>
        <w>מֹשֶׁ֣ה</w>
        <w>עַבְדִּ֑י</w>
        <w>אֲשֶׁר֩</w>
        <w>צִוִּ֨יתִי</w>
        <w>אוֹת֤וֹ</w>
        <w>בְחֹרֵב֙</w>
        <w>עַל־</w>
        <w>כָּל־</w>
        <w>יִשְׂרָאֵ֔ל</w>
        <w>חֻקִּ֖ים</w>
        <w>וּמִשְׁפָּטִֽים׃</w>
      </v>
      <v n="23">
        <w>הִנֵּ֤ה</w>
        <w>אָֽנֹכִי֙</w>
        <w>שֹׁלֵ֣חַ</w>
        <w>לָכֶ֔ם</w>
        <w>אֵ֖ת</w>
        <w>אֵלִיָּ֣ה</w>
        <w>הַנָּבִ֑יא</w>
        <w>לִפְנֵ֗י</w>
        <w>בּ֚וֹא</w>
        <w>י֣וֹם</w>
        <w>יְהוָ֔ה</w>
        <w>הַגָּד֖וֹל</w>
        <w>וְהַנּוֹרָֽא׃</w>
      </v>
      <v n="24">
        <w>וְהֵשִׁ֤יב</w>
        <w>לֵב־</w>
        <w>אָבוֹת֙</w>
        <w>עַל־</w>
        <w>בָּנִ֔ים</w>
        <w>וְלֵ֥ב</w>
        <w>בָּנִ֖ים</w>
        <w>עַל־</w>
        <w>אֲבוֹתָ֑ם</w>
        <w>פֶּן־</w>
        <w>אָב֕וֹא</w>
        <w>וְהִכֵּיתִ֥י</w>
        <w>אֶת־</w>
        <w>הָאָ֖רֶץ</w>
        <w>חֵֽרֶם׃</w>
      </v>
      <vs>24</vs>
    </c>
    <vs>55</vs>
    <cs>3</cs>
  </book>
</tanach>
<notes>
  <note>
    <code>4</code>
    <gccode>4</gccode>
    <note>Puncta extraordinaria -- an x05c4 is used to mark such marks in the text when they are above the line and an x05c5 when they are below the line. </note>
  </note>
  <note>
    <code>5</code>
    <gccode>5</gccode>
    <note>Large letter(s). Shown as large letters.</note>
  </note>
  <note>
    <code>6</code>
    <gccode>6</gccode>
    <note>Small letter(s). Shown as small letters.</note>
  </note>
  <note>
    <code>7</code>
    <gccode>7</gccode>
    <note>Suspended letter(s). Shown as suspended letters.</note>
  </note>
  <note>
    <code>8</code>
    <gccode>8</gccode>
    <note>Inverted nun in the text.</note>
  </note>
  <note>
    <code>c</code>
    <gccode>c</gccode>
    <note>Text is correct relative to LC. Usually this marks a peculiarity of the LC relative to the other Masoretic texts.</note>
  </note>
  <note>
    <code>d</code>
    <gccode>d</gccode>
    <note>This tipeha is a dehi in other texts.</note>
  </note>
  <note>
    <code>m</code>
    <gccode>m</gccode>
    <note>This meteg is a merkha in other texts.</note>
  </note>
  <note>
    <code>t</code>
    <gccode>t</gccode>
    <note>Transcription uncertain. Examine the LC image for other possible readings.</note>
  </note>
  <note>
    <code>X</code>
    <gccode>X</gccode>
    <note>This verse does NOT occur in the Leningrad Codex. Included for continuity of verse numbering.</note>
  </note>
</notes>
</Tanach>
