<?xml version="1.0" encoding="UTF-8"?>
<!-- Copyright C.V.Kimball 2013 -->
<Tanach xmlns:xsi="http://www.w3.org/2001/XMLSchema-instance" xsi:noNamespaceSchemaLocation="../XSL/Tanach.xsd">
<teiHeader>
  <fileDesc>
    <titleStmt>
      <title level="s" type="uniform">Tanach</title>
      <title level="s" type="uniformhebrew">תנ״ך</title>
      <title level="s" type="main">Unicode/XML Leningrad Codex</title>
      <title level="a" type="main">Micah</title>
      <title level="a" type="mainhebrew">מיכה</title>
      <title level="a" type="filename">Micah</title>
      <editor>Shemu'el ben Ya'akov</editor>
      <editor>Aharon ben-Mosheh ben-Asher</editor>
      <respStmt>
        <resp>Publisher:</resp>
        <name>Christopher V. Kimball</name>
        <name type="email">mail@cvkimball.com</name>
      </respStmt>
    </titleStmt>
    <editionStmt>
      <edition>Unicode/XML Leningrad Codex (UXLC)
        <version>UXLC 2.0</version>
        <date>19 Oct 2023</date>
        <build>27.1</build>
        <buildDateTime>19 Oct 2023  00:00</buildDateTime>
      </edition>
<respStmt>
<resp>WLC2XML[21 Apr 2023] - Transcription from Michigan-Claremont encoding to Unicode with XML markings. See details in notes.</resp>
<resp>ScanReplace/EditWLC[30 Dec 2020] - Edits/removes transcription notes; removes MDs.</resp>
<resp>ScanReplace/InsertCGJs[29 Dec 2020] - Places CGJ in Jerusalem VUV words and leading metegs.</resp>
<resp>Updater[15 Sep 2023] - Changes.xml file dated 2020.02.19 . </resp>
<resp>Updater[15 Sep 2023] - Changes.xml file dated 2020.10.19 . </resp>
<resp>Updater[15 Sep 2023] - Changes.xml file dated 2021.04.01 . </resp>
<resp>Updater[15 Sep 2023] - Changes.xml file dated 2021.10.19 . </resp>
<resp>Updater[15 Sep 2023] - Changes.xml file dated 2022.04.01 . </resp>
<resp>Updater[15 Sep 2023] - Changes.xml file dated 2022.07.04 . </resp>
<resp>Updater[15 Sep 2023] - Changes.xml file dated 2022.10.19 . </resp>
<resp>Updater[15 Sep 2023] - Changes.xml file dated 2022.12.07 . </resp>
<resp>Updater[15 Sep 2023] - Changes.xml file dated 2023.04.01 . </resp>
<resp>Updater[15 Sep 2023] - Changes.xml file dated 2023.07.04 . </resp>
<resp>Updater[15 Sep 2023] - Changes.xml file dated 2023.10.19 . </resp>
</respStmt>
    </editionStmt>
    <extent>57662</extent>
    <publicationStmt>
      <distributor>Via web site:
        <name>Christopher V. Kimball</name>
        <name type="url">https://tanach.us/Tanach.xml</name>
        <name type="email">mail@cvkimball.com</name>
      </distributor>
      <availability status="free">Freely available</availability>
    </publicationStmt>
    <notesStmt>
      <note>The original text file wlc420_ps.txt was provided by the Groves Center. 
The file has the MD5 hash: d31a 6a6e 9afa bf82 272c 2efb 0522 a12e 
and was dated 25 Jan 2016. Six transcription notes (5,7,F) have been moved to the noted character (Lev 11:42.4, Judg 18:30.11, Isa 9.6.1, Ps 80:14.3, Job 38:13.5, Job 38:15.2) to produce the file wlc420_ps_td.txt for conversion to Unicode and XML by the program WLC2XML. The only other changes to the Groves Center text are: The book names in English and Hebrew of the Jewish Publication Society Tanach and book abbreviations from the New Revised Standard Version have been added. MC code 32 added as atnah hafukh by Steve Salisbury, 30 Sep 2021. The atnah hafukh codepoint, x05a2, has been added to the character table; it does not appear in WLC 4.20. </note>
    <correction>
<citation>1:14.10</citation>
<description>Add merkha to kaf.</description>
<author>Daniel Holman</author>
<filedate>2023.04.01</filedate>
<date>2022.12.12</date>
<n>9</n>
</correction>
<correction>
<citation>2:7.11</citation>
<description>Remove qadma on the resh, add pashta to yod.</description>
<author>Daniel Holman</author>
<filedate>2023.04.01</filedate>
<date>2022.12.12</date>
<n>10</n>
</correction>
<correction>
<citation>4:2.19</citation>
<description>Remove dagesh from tsadi.</description>
<author>Ben Denckla</author>
<filedate>2022.04.01</filedate>
<date>2022.02.16</date>
<n>4</n>
</correction>
<correction>
<citation>4:8.13</citation>
<description>Remove maqaf from end of word.</description>
<author>Daniel Holman</author>
<filedate>2023.04.01</filedate>
<date>2022.12.12</date>
<n>11</n>
</correction>
<correction>
<citation>5:7.12</citation>
<description>Word lacks accent, add note 'c'; MAM ends the word with a Maqaf (  ס־  ).</description>
<author>Ben Denckla</author>
<filedate>2021.10.19</filedate>
<date>2021.08.07</date>
<n>2</n>
</correction>
<correction>
<citation>5:7.15</citation>
<description>Word lacks accent, add note 'c'; MAM ends the word with a Maqaf (  ס־  ).</description>
<author>Ben Denckla</author>
<filedate>2021.10.19</filedate>
<date>2021.08.07</date>
<n>17</n>
</correction>
</notesStmt>
    <sourceDesc>
      <biblItem>
        <title>Hebrew Bible</title>
        <title>Leningrad Codex</title>
        <editor>Shemu'el ben Ya'akov</editor>
        <editor>Aharon ben-Mosheh ben-Asher</editor>
        <edition>Original document</edition>
        <imprint>
          <publisher>Russian National Library (Saltykov-Shchedrin)</publisher>
          <pubPlace>St. Petersburg (Leningrad)</pubPlace>
          <date>1008</date>
        </imprint>
        <idno type="Accession">Firkovich B 19 A</idno>
      </biblItem>
      <biblItem>
        <title>The Leningrad Codex - A Facsimile Edition</title>
        <editor>Freedman, David Noel</editor>
        <editor>Beck, Astrid B.</editor>
        <edition>First</edition>
        <imprint>
          <publisher>Wm. B. Eerdmans Publishing Co.</publisher>
          <pubPlace>Grand Rapids, MI</pubPlace>
          <date>1998</date>
        </imprint>
        <idno type="IBSN">0-8028-3786-7</idno>
      </biblItem>
      <biblItem>
        <title>The Westminster Leningrad Codex</title>
        <editor>Salisbury, Stephen K.</editor>
        <edition>WLC 4.20</edition>
        <imprint>
          <publisher>The J. Alan Groves Center for Advanced Biblical Research ("Groves Center").</publisher>
          <pubPlace>2960 Church Rd.</pubPlace>
          <pubPlace>Glenside, PA 19038</pubPlace>
          <date>25 January 2016</date>
        </imprint>
        <idno type="Unknown"/>
      </biblItem>
    </sourceDesc>
  </fileDesc>
  <encodingDesc>
  </encodingDesc>
  <profileDesc>
    <creation>From WLC 4.20 provided by the Groves Center.</creation>
    <date>25 Jan 2016</date>
    <langUsage>
      <language ident="HE">Hebrew</language>
    </langUsage>
  </profileDesc>
</teiHeader>
<tanach>
  <book>
    <names>
      <name>Micah</name>
      <abbrev>Mic</abbrev>
      <number>20</number>
      <filename>Micah</filename>
      <hebrewname>מיכה</hebrewname>
    </names>
    <c n="1">
      <v n="1">
        <w>דְּבַר־</w>
        <w>יְהוָ֣ה ׀</w>
        <w>אֲשֶׁ֣ר</w>
        <w>הָיָ֗ה</w>
        <w>אֶל־</w>
        <w>מִיכָה֙</w>
        <w>הַמֹּ֣רַשְׁתִּ֔י</w>
        <w>בִּימֵ֥י</w>
        <w>יוֹתָ֛ם</w>
        <w>אָחָ֥ז</w>
        <w>יְחִזְקִיָּ֖ה</w>
        <w>מַלְכֵ֣י</w>
        <w>יְהוּדָ֑ה</w>
        <w>אֲשֶׁר־</w>
        <w>חָזָ֥ה</w>
        <w>עַל־</w>
        <w>שֹׁמְר֖וֹן</w>
        <w>וִירֽוּשָׁלָֽ͏ִם׃</w>
      </v>
      <v n="2">
        <w>שִׁמְעוּ֙</w>
        <w>עַמִּ֣ים</w>
        <w>כֻּלָּ֔ם</w>
        <w>הַקְשִׁ֖יבִי</w>
        <w>אֶ֣רֶץ</w>
        <w>וּמְלֹאָ֑הּ</w>
        <w>וִיהִי֩</w>
        <w>אֲדֹנָ֨י</w>
        <w>יְהוִ֤ה</w>
        <w>בָּכֶם֙</w>
        <w>לְעֵ֔ד</w>
        <w>אֲדֹנָ֖י</w>
        <w>מֵהֵיכַ֥ל</w>
        <w>קָדְשֽׁוֹ׃</w>
      </v>
      <v n="3">
        <w>כִּֽי־</w>
        <w>הִנֵּ֥ה</w>
        <w>יְהוָ֖ה</w>
        <w>יֹצֵ֣א</w>
        <w>מִמְּקוֹמ֑וֹ</w>
        <w>וְיָרַ֥ד</w>
        <w>וְדָרַ֖ךְ</w>
        <w>עַל־</w>
        <k>במותי</k>
        <q>בָּ֥מֳתֵי</q>
        <w>אָֽרֶץ׃</w>
      </v>
      <v n="4">
        <w>וְנָמַ֤סּוּ</w>
        <w>הֶֽהָרִים֙</w>
        <w>תַּחְתָּ֔יו</w>
        <w>וְהָעֲמָקִ֖ים</w>
        <w>יִתְבַּקָּ֑עוּ</w>
        <w>כַּדּוֹנַג֙</w>
        <w>מִפְּנֵ֣י</w>
        <w>הָאֵ֔שׁ</w>
        <w>כְּמַ֖יִם</w>
        <w>מֻגָּרִ֥ים</w>
        <w>בְּמוֹרָֽד׃</w>
      </v>
      <v n="5">
        <w>בְּפֶ֤שַׁע</w>
        <w>יַֽעֲקֹב֙</w>
        <w>כָּל־</w>
        <w>זֹ֔את</w>
        <w>וּבְחַטֹּ֖אות</w>
        <w>בֵּ֣ית</w>
        <w>יִשְׂרָאֵ֑ל</w>
        <w>מִֽי־</w>
        <w>פֶ֣שַׁע</w>
        <w>יַעֲקֹ֗ב</w>
        <w>הֲלוֹא֙</w>
        <w>שֹֽׁמְר֔וֹן</w>
        <w>וּמִי֙</w>
        <w>בָּמ֣וֹת</w>
        <w>יְהוּדָ֔ה</w>
        <w>הֲל֖וֹא</w>
        <w>יְרוּשָׁלָֽ͏ִם׃</w>
      </v>
      <v n="6">
        <w>וְשַׂמְתִּ֥י</w>
        <w>שֹׁמְר֛וֹן</w>
        <w>לְעִ֥י</w>
        <w>הַשָּׂדֶ֖ה</w>
        <w>לְמַטָּ֣עֵי</w>
        <w>כָ֑רֶם</w>
        <w>וְהִגַּרְתִּ֤י</w>
        <w>לַגַּי֙</w>
        <w>אֲבָנֶ֔יהָ</w>
        <w>וִיסֹדֶ֖יהָ</w>
        <w>אֲגַלֶּֽה׃</w>
      </v>
      <v n="7">
        <w>וְכָל־</w>
        <w>פְּסִילֶ֣יהָ</w>
        <w>יֻכַּ֗תּוּ</w>
        <w>וְכָל־</w>
        <w>אֶתְנַנֶּ֙יהָ֙</w>
        <w>יִשָּׂרְפ֣וּ</w>
        <w>בָאֵ֔שׁ</w>
        <w>וְכָל־</w>
        <w>עֲצַבֶּ֖יהָ</w>
        <w>אָשִׂ֣ים</w>
        <w>שְׁמָמָ֑ה</w>
        <w>כִּ֠י</w>
        <w>מֵאֶתְנַ֤ן</w>
        <w>זוֹנָה֙</w>
        <w>קִבָּ֔צָה</w>
        <w>וְעַד־</w>
        <w>אֶתְנַ֥ן</w>
        <w>זוֹנָ֖ה</w>
        <w>יָשֽׁוּבוּ׃</w>
      </v>
      <v n="8">
        <w>עַל־</w>
        <w>זֹאת֙</w>
        <w>אֶסְפְּדָ֣ה</w>
        <w>וְאֵילִ֔ילָה</w>
        <w>אֵילְכָ֥ה</w>
        <k>שילל</k>
        <q>שׁוֹלָ֖ל</q>
        <w>וְעָר֑וֹם</w>
        <w>אֶעֱשֶׂ֤ה</w>
        <w>מִסְפֵּד֙</w>
        <w>כַּתַּנִּ֔ים</w>
        <w>וְאֵ֖בֶל</w>
        <w>כִּבְנ֥וֹת</w>
        <w>יַעֲנָֽה׃</w>
      </v>
      <v n="9">
        <w>כִּ֥י</w>
        <w>אֲנוּשָׁ֖ה</w>
        <w>מַכּוֹתֶ֑יהָ</w>
        <w>כִּי־</w>
        <w>בָ֙אָה֙</w>
        <w>עַד־</w>
        <w>יְהוּדָ֔ה</w>
        <w>נָגַ֛ע</w>
        <w>עַד־</w>
        <w>שַׁ֥עַר</w>
        <w>עַמִּ֖י</w>
        <w>עַד־</w>
        <w>יְרוּשָׁלָֽ͏ִם׃</w>
      </v>
      <v n="10">
        <w>בְּגַת֙</w>
        <w>אַל־</w>
        <w>תַּגִּ֔ידוּ</w>
        <w>בָּכ֖וֹ</w>
        <w>אַל־</w>
        <w>תִּבְכּ֑וּ</w>
        <w>בְּבֵ֣ית</w>
        <w>לְעַפְרָ֔ה</w>
        <w>עָפָ֖ר</w>
        <k>התפלשתי</k>
        <q>הִתְפַּלָּֽשִׁי׃</q>
      </v>
      <v n="11">
        <w>עִבְרִ֥י</w>
        <w>לָכֶ֛ם</w>
        <w>יוֹשֶׁ֥בֶת</w>
        <w>שָׁפִ֖יר</w>
        <w>עֶרְיָה־</w>
        <w>בֹ֑שֶׁת</w>
        <w>לֹ֤א</w>
        <w>יָֽצְאָה֙</w>
        <w>יוֹשֶׁ֣בֶת</w>
        <w>צַֽאֲנָ֔ן</w>
        <w>מִסְפַּד֙</w>
        <w>בֵּ֣ית</w>
        <w>הָאֵ֔צֶל</w>
        <w>יִקַּ֥ח</w>
        <w>מִכֶּ֖ם</w>
        <w>עֶמְדָּתֽוֹ׃</w>
      </v>
      <v n="12">
        <w>כִּֽי־</w>
        <w>חָ֥לָֽה</w>
        <w>לְט֖וֹב</w>
        <w>יוֹשֶׁ֣בֶת</w>
        <w>מָר֑וֹת</w>
        <w>כִּֽי־</w>
        <w>יָ֤רַד</w>
        <w>רָע֙</w>
        <w>מֵאֵ֣ת</w>
        <w>יְהוָ֔ה</w>
        <w>לְשַׁ֖עַר</w>
        <w>יְרוּשָׁלָֽ͏ִם׃</w>
      </v>
      <v n="13">
        <w>רְתֹ֧ם</w>
        <w>הַמֶּרְכָּבָ֛ה</w>
        <w>לָרֶ֖כֶשׁ</w>
        <w>יוֹשֶׁ֣בֶת</w>
        <w>לָכִ֑ישׁ</w>
        <w>רֵאשִׁ֨ית</w>
        <w>חַטָּ֥את</w>
        <w>הִיא֙</w>
        <w>לְבַת־</w>
        <w>צִיּ֔וֹן</w>
        <w>כִּי־</w>
        <w>בָ֥ךְ</w>
        <w>נִמְצְא֖וּ</w>
        <w>פִּשְׁעֵ֥י</w>
        <w>יִשְׂרָאֵֽל׃</w>
      </v>
      <v n="14">
        <w>לָכֵן֙</w>
        <w>תִּתְּנִ֣י</w>
        <w>שִׁלּוּחִ֔ים</w>
        <w>עַ֖ל</w>
        <w>מוֹרֶ֣שֶׁת</w>
        <w>גַּ֑ת</w>
        <w>בָּתֵּ֤י</w>
        <w>אַכְזִיב֙</w>
        <w>לְאַכְזָ֔ב</w>
        <w>לְמַלְכֵ֥י</w>
        <w>יִשְׂרָאֵֽל׃</w>
      </v>
      <v n="15">
        <w>עֹ֗ד</w>
        <w>הַיֹּרֵשׁ֙</w>
        <w>אָ֣בִי</w>
        <w>לָ֔ךְ</w>
        <w>יוֹשֶׁ֖בֶת</w>
        <w>מָֽרֵשָׁ֑ה</w>
        <w>עַד־</w>
        <w>עֲדֻּלָּ֥ם</w>
        <w>יָב֖וֹא</w>
        <w>כְּב֥וֹד</w>
        <w>יִשְׂרָאֵֽל׃</w>
      </v>
      <v n="16">
        <w>קָרְחִ֣י</w>
        <w>וָגֹ֔זִּי</w>
        <w>עַל־</w>
        <w>בְּנֵ֖י</w>
        <w>תַּעֲנוּגָ֑יִךְ</w>
        <w>הַרְחִ֤בִי</w>
        <w>קָרְחָתֵךְ֙</w>
        <w>כַּנֶּ֔שֶׁר</w>
        <w>כִּ֥י</w>
        <w>גָל֖וּ</w>
        <w>מִמֵּֽךְ׃</w>
        <samekh/>
      </v>
      <vs>16</vs>
    </c>
    <c n="2">
      <v n="1">
        <w>ה֧וֹי</w>
        <w>חֹֽשְׁבֵי־</w>
        <w>אָ֛וֶן</w>
        <w>וּפֹ֥עֲלֵי</w>
        <w>רָ֖ע</w>
        <w>עַל־</w>
        <w>מִשְׁכְּבוֹתָ֑ם</w>
        <w>בְּא֤וֹר</w>
        <w>הַבֹּ֙קֶר֙</w>
        <w>יַעֲשׂ֔וּהָ</w>
        <w>כִּ֥י</w>
        <w>יֶשׁ־</w>
        <w>לְאֵ֖ל</w>
        <w>יָדָֽם׃</w>
      </v>
      <v n="2">
        <w>וְחָמְד֤וּ</w>
        <w>שָׂדוֹת֙</w>
        <w>וְגָזָ֔לוּ</w>
        <w>וּבָתִּ֖ים</w>
        <w>וְנָשָׂ֑אוּ</w>
        <w>וְעָֽשְׁקוּ֙</w>
        <w>גֶּ֣בֶר</w>
        <w>וּבֵית֔וֹ</w>
        <w>וְאִ֖ישׁ</w>
        <w>וְנַחֲלָתֽוֹ׃</w>
        <pe/>
      </v>
      <v n="3">
        <w>לָכֵ֗ן</w>
        <w>כֹּ֚ה</w>
        <w>אָמַ֣ר</w>
        <w>יְהוָ֔ה</w>
        <w>הִנְנִ֥י</w>
        <w>חֹשֵׁ֛ב</w>
        <w>עַל־</w>
        <w>הַמִּשְׁפָּחָ֥ה</w>
        <w>הַזֹּ֖את</w>
        <w>רָעָ֑ה</w>
        <w>אֲ֠שֶׁר</w>
        <w>לֹֽא־</w>
        <w>תָמִ֨ישׁוּ</w>
        <w>מִשָּׁ֜ם</w>
        <w>צַוְּארֹֽתֵיכֶ֗ם</w>
        <w>וְלֹ֤א</w>
        <w>תֵֽלְכוּ֙</w>
        <w>רוֹמָ֔ה</w>
        <w>כִּ֛י</w>
        <w>עֵ֥ת</w>
        <w>רָעָ֖ה</w>
        <w>הִֽיא׃</w>
      </v>
      <v n="4">
        <w>בַּיּ֨וֹם</w>
        <w>הַה֜וּא</w>
        <w>יִשָּׂ֧א</w>
        <w>עֲלֵיכֶ֣ם</w>
        <w>מָשָׁ֗ל</w>
        <w>וְנָהָ֨ה</w>
        <w>נְהִ֤י</w>
        <w>נִֽהְיָה֙</w>
        <w>אָמַר֙</w>
        <w>שָׁד֣וֹד</w>
        <w>נְשַׁדֻּ֔נוּ</w>
        <w>חֵ֥לֶק</w>
        <w>עַמִּ֖י</w>
        <w>יָמִ֑יר</w>
        <w>אֵ֚יךְ</w>
        <w>יָמִ֣ישׁ</w>
        <w>לִ֔י</w>
        <w>לְשׁוֹבֵ֥ב</w>
        <w>שָׂדֵ֖ינוּ</w>
        <w>יְחַלֵּֽק׃</w>
      </v>
      <v n="5">
        <w>לָכֵן֙</w>
        <w>לֹֽא־</w>
        <w>יִֽהְיֶ֣ה</w>
        <w>לְךָ֔</w>
        <w>מַשְׁלִ֥יךְ</w>
        <w>חֶ֖בֶל</w>
        <w>בְּגוֹרָ֑ל</w>
        <w>בִּקְהַ֖ל</w>
        <w>יְהוָֽה׃</w>
      </v>
      <v n="6">
        <w>אַל־</w>
        <w>תַּטִּ֖פוּ</w>
        <w>יַטִּיפ֑וּן</w>
        <w>לֹֽא־</w>
        <w>יַטִּ֣פוּ</w>
        <w>לָאֵ֔לֶּה</w>
        <w>לֹ֥א</w>
        <w>יִסַּ֖ג</w>
        <w>כְּלִמּֽוֹת׃</w>
      </v>
      <v n="7">
        <w>הֶאָמ֣וּר</w>
        <w>בֵּֽית־</w>
        <w>יַעֲקֹ֗ב</w>
        <w>הֲקָצַר֙</w>
        <w>ר֣וּחַ</w>
        <w>יְהוָ֔ה</w>
        <w>אִם־</w>
        <w>אֵ֖לֶּה</w>
        <w>מַעֲלָלָ֑יו</w>
        <w>הֲל֤וֹא</w>
        <w>דְבָרַי֙</w>
        <w>יֵיטִ֔יבוּ</w>
        <w>עִ֖ם</w>
        <w>הַיָּשָׁ֥ר</w>
        <w>הוֹלֵֽךְ׃</w>
      </v>
      <v n="8">
        <w>וְאֶתְמ֗וּל</w>
        <w>עַמִּי֙</w>
        <w>לְאוֹיֵ֣ב</w>
        <w>יְקוֹמֵ֔ם</w>
        <w>מִמּ֣וּל</w>
        <w>שַׂלְמָ֔ה</w>
        <w>אֶ֖דֶר</w>
        <w>תַּפְשִׁט֑וּן</w>
        <w>מֵעֹבְרִ֣ים</w>
        <w>בֶּ֔טַח</w>
        <w>שׁוּבֵ֖י</w>
        <w>מִלְחָמָֽה׃</w>
      </v>
      <v n="9">
        <w>נְשֵׁ֤י</w>
        <w>עַמִּי֙</w>
        <w>תְּגָ֣רְשׁ֔וּן</w>
        <w>מִבֵּ֖ית</w>
        <w>תַּֽעֲנֻגֶ֑יהָ</w>
        <w>מֵעַל֙</w>
        <w>עֹֽלָלֶ֔יהָ</w>
        <w>תִּקְח֥וּ</w>
        <w>הֲדָרִ֖י</w>
        <w>לְעוֹלָֽם׃</w>
      </v>
      <v n="10">
        <w>ק֣וּמוּ</w>
        <w>וּלְכ֔וּ</w>
        <w>כִּ֥י</w>
        <w>לֹא־</w>
        <w>זֹ֖את</w>
        <w>הַמְּנוּחָ֑ה</w>
        <w>בַּעֲב֥וּר</w>
        <w>טָמְאָ֛ה</w>
        <w>תְּחַבֵּ֖ל</w>
        <w>וְחֶ֥בֶל</w>
        <w>נִמְרָֽץ׃</w>
      </v>
      <v n="11">
        <w>לוּ־</w>
        <w>אִ֞ישׁ</w>
        <w>הֹלֵ֥ךְ</w>
        <w>ר֙וּחַ֙</w>
        <w>וָשֶׁ֣קֶר</w>
        <w>כִּזֵּ֔ב</w>
        <w>אַטִּ֣ף</w>
        <w>לְךָ֔</w>
        <w>לַיַּ֖יִן</w>
        <w>וְלַשֵּׁכָ֑ר</w>
        <w>וְהָיָ֥ה</w>
        <w>מַטִּ֖יף</w>
        <w>הָעָ֥ם</w>
        <w>הַזֶּֽה׃</w>
      </v>
      <v n="12">
        <w>אָסֹ֨ף</w>
        <w>אֶאֱסֹ֜ף</w>
        <w>יַעֲקֹ֣ב</w>
        <w>כֻּלָּ֗ךְ</w>
        <w>קַבֵּ֤ץ</w>
        <w>אֲקַבֵּץ֙</w>
        <w>שְׁאֵרִ֣ית</w>
        <w>יִשְׂרָאֵ֔ל</w>
        <w>יַ֥חַד</w>
        <w>אֲשִׂימֶ֖נּוּ</w>
        <w>כְּצֹ֣אן</w>
        <w>בָּצְרָ֑ה</w>
        <w>כְּעֵ֙דֶר֙</w>
        <w>בְּת֣וֹךְ</w>
        <w>הַדָּֽבְר֔וֹ</w>
        <w>תְּהִימֶ֖נָה</w>
        <w>מֵאָדָֽם׃</w>
      </v>
      <v n="13">
        <w>עָלָ֤ה</w>
        <w>הַפֹּרֵץ֙</w>
        <w>לִפְנֵיהֶ֔ם</w>
        <w>פָּֽרְצוּ֙</w>
        <w>וַֽיַּעֲבֹ֔רוּ</w>
        <w>שַׁ֖עַר</w>
        <w>וַיֵּ֣צְאוּ</w>
        <w>ב֑וֹ</w>
        <w>וַיַּעֲבֹ֤ר</w>
        <w>מַלְכָּם֙</w>
        <w>לִפְנֵיהֶ֔ם</w>
        <w>וַיהוָ֖ה</w>
        <w>בְּרֹאשָֽׁם׃</w>
        <pe/>
      </v>
      <vs>13</vs>
    </c>
    <c n="3">
      <v n="1">
        <w>וָאֹמַ֗ר</w>
        <w>שִׁמְעוּ־</w>
        <w>נָא֙</w>
        <w>רָאשֵׁ֣י</w>
        <w>יַעֲקֹ֔ב</w>
        <w>וּקְצִינֵ֖י</w>
        <w>בֵּ֣ית</w>
        <w>יִשְׂרָאֵ֑ל</w>
        <w>הֲל֣וֹא</w>
        <w>לָכֶ֔ם</w>
        <w>לָדַ֖עַת</w>
        <w>אֶת־</w>
        <w>הַמִּשְׁפָּֽט׃</w>
      </v>
      <v n="2">
        <w>שֹׂ֥נְאֵי</w>
        <w>ט֖וֹב</w>
        <w>וְאֹ֣הֲבֵי</w>
        <k>רעה</k>
        <q>רָ֑ע</q>
        <w>גֹּזְלֵ֤י</w>
        <w>עוֹרָם֙</w>
        <w>מֵֽעֲלֵיהֶ֔ם</w>
        <w>וּשְׁאֵרָ֖ם</w>
        <w>מֵעַ֥ל</w>
        <w>עַצְמוֹתָֽם׃</w>
      </v>
      <v n="3">
        <w>וַאֲשֶׁ֣ר</w>
        <w>אָכְלוּ֮</w>
        <w>שְׁאֵ֣ר</w>
        <w>עַמִּי֒</w>
        <w>וְעוֹרָם֙</w>
        <w>מֵעֲלֵיהֶ֣ם</w>
        <w>הִפְשִׁ֔יטוּ</w>
        <w>וְאֶת־</w>
        <w>עַצְמֹֽתֵיהֶ֖ם</w>
        <w>פִּצֵּ֑חוּ</w>
        <w>וּפָרְשׂוּ֙</w>
        <w>כַּאֲשֶׁ֣ר</w>
        <w>בַּסִּ֔יר</w>
        <w>וּכְבָשָׂ֖ר</w>
        <w>בְּת֥וֹךְ</w>
        <w>קַלָּֽחַת׃</w>
      </v>
      <v n="4">
        <w>אָ֚ז</w>
        <w>יִזְעֲק֣וּ</w>
        <w>אֶל־</w>
        <w>יְהוָ֔ה</w>
        <w>וְלֹ֥א</w>
        <w>יַעֲנֶ֖ה</w>
        <w>אוֹתָ֑ם</w>
        <w>וְיַסְתֵּ֨ר</w>
        <w>פָּנָ֤יו</w>
        <w>מֵהֶם֙</w>
        <w>בָּעֵ֣ת</w>
        <w>הַהִ֔יא</w>
        <w>כַּאֲשֶׁ֥ר</w>
        <w>הֵרֵ֖עוּ</w>
        <w>מַעַלְלֵיהֶֽם׃</w>
        <pe/>
      </v>
      <v n="5">
        <w>כֹּ֚ה</w>
        <w>אָמַ֣ר</w>
        <w>יְהוָ֔ה</w>
        <w>עַל־</w>
        <w>הַנְּבִיאִ֖ים</w>
        <w>הַמַּתְעִ֣ים</w>
        <w>אֶת־</w>
        <w>עַמִּ֑י</w>
        <w>הַנֹּשְׁכִ֤ים</w>
        <w>בְּשִׁנֵּיהֶם֙</w>
        <w>וְקָרְא֣וּ</w>
        <w>שָׁל֔וֹם</w>
        <w>וַאֲשֶׁר֙</w>
        <w>לֹא־</w>
        <w>יִתֵּ֣ן</w>
        <w>עַל־</w>
        <w>פִּיהֶ֔ם</w>
        <w>וְקִדְּשׁ֥וּ</w>
        <w>עָלָ֖יו</w>
        <w>מִלְחָמָֽה׃</w>
      </v>
      <v n="6">
        <w>לָכֵ֞ן</w>
        <w>לַ֤יְלָה</w>
        <w>לָכֶם֙</w>
        <w>מֵֽחָז֔וֹן</w>
        <w>וְחָשְׁכָ֥ה</w>
        <w>לָכֶ֖ם</w>
        <w>מִקְּסֹ֑ם</w>
        <w>וּבָ֤אָה</w>
        <w>הַשֶּׁ֙מֶשׁ֙</w>
        <w>עַל־</w>
        <w>הַנְּבִיאִ֔ים</w>
        <w>וְקָדַ֥ר</w>
        <w>עֲלֵיהֶ֖ם</w>
        <w>הַיּֽוֹם׃</w>
      </v>
      <v n="7">
        <w>וּבֹ֣שׁוּ</w>
        <w>הַחֹזִ֗ים</w>
        <w>וְחָֽפְרוּ֙</w>
        <w>הַקֹּ֣סְמִ֔ים</w>
        <w>וְעָט֥וּ</w>
        <w>עַל־</w>
        <w>שָׂפָ֖ם</w>
        <w>כֻּלָּ֑ם</w>
        <w>כִּ֛י</w>
        <w>אֵ֥ין</w>
        <w>מַעֲנֵ֖ה</w>
        <w>אֱלֹהִֽים׃</w>
      </v>
      <v n="8">
        <w>וְאוּלָ֗ם</w>
        <w>אָנֹכִ֞י</w>
        <w>מָלֵ֤אתִי</w>
        <w>כֹ֙חַ֙</w>
        <w>אֶת־</w>
        <w>ר֣וּחַ</w>
        <w>יְהוָ֔ה</w>
        <w>וּמִשְׁפָּ֖ט</w>
        <w>וּגְבוּרָ֑ה</w>
        <w>לְהַגִּ֤יד</w>
        <w>לְיַֽעֲקֹב֙</w>
        <w>פִּשְׁע֔וֹ</w>
        <w>וּלְיִשְׂרָאֵ֖ל</w>
        <w>חַטָּאתֽוֹ׃</w>
        <samekh/>
      </v>
      <v n="9">
        <w>שִׁמְעוּ־</w>
        <w>נָ֣א</w>
        <w>זֹ֗את</w>
        <w>רָאשֵׁי֙</w>
        <w>בֵּ֣ית</w>
        <w>יַעֲקֹ֔ב</w>
        <w>וּקְצִינֵ֖י</w>
        <w>בֵּ֣ית</w>
        <w>יִשְׂרָאֵ֑ל</w>
        <w>הַֽמֲתַעֲבִ֣ים</w>
        <w>מִשְׁפָּ֔ט</w>
        <w>וְאֵ֥ת</w>
        <w>כָּל־</w>
        <w>הַיְשָׁרָ֖ה</w>
        <w>יְעַקֵּֽשׁוּ׃</w>
      </v>
      <v n="10">
        <w>בֹּנֶ֥ה</w>
        <w>צִיּ֖וֹן</w>
        <w>בְּדָמִ֑ים</w>
        <w>וִירוּשָׁלַ֖͏ִם</w>
        <w>בְּעַוְלָֽה׃</w>
      </v>
      <v n="11">
        <w>רָאשֶׁ֣יהָ ׀</w>
        <w>בְּשֹׁ֣חַד</w>
        <w>יִשְׁפֹּ֗טוּ</w>
        <w>וְכֹהֲנֶ֙יהָ֙</w>
        <w>בִּמְחִ֣יר</w>
        <w>יוֹר֔וּ</w>
        <w>וּנְבִיאֶ֖יהָ</w>
        <w>בְּכֶ֣סֶף</w>
        <w>יִקְסֹ֑מוּ</w>
        <w>וְעַל־</w>
        <w>יְהוָה֙</w>
        <w>יִשָּׁעֵ֣נוּ</w>
        <w>לֵאמֹ֔ר</w>
        <w>הֲל֤וֹא</w>
        <w>יְהוָה֙</w>
        <w>בְּקִרְבֵּ֔נוּ</w>
        <w>לֹֽא־</w>
        <w>תָב֥וֹא</w>
        <w>עָלֵ֖ינוּ</w>
        <w>רָעָֽה׃</w>
      </v>
      <v n="12">
        <w>לָכֵן֙</w>
        <w>בִּגְלַלְכֶ֔ם</w>
        <w>צִיּ֖וֹן</w>
        <w>שָׂדֶ֣ה</w>
        <w>תֵֽחָרֵ֑שׁ</w>
        <w>וִירוּשָׁלִַ֙ם֙</w>
        <w>עִיִּ֣ין</w>
        <w>תִּֽהְיֶ֔ה</w>
        <w>וְהַ֥ר</w>
        <w>הַבַּ֖יִת</w>
        <w>לְבָמ֥וֹת</w>
        <w>יָֽעַר׃</w>
        <pe/>
      </v>
      <vs>12</vs>
    </c>
    <c n="4">
      <v n="1">
        <w>וְהָיָ֣ה ׀</w>
        <w>בְּאַחֲרִ֣ית</w>
        <w>הַיָּמִ֗ים</w>
        <w>יִ֠הְיֶה</w>
        <w>הַ֣ר</w>
        <w>בֵּית־</w>
        <w>יְהוָ֤ה</w>
        <w>נָכוֹן֙</w>
        <w>בְּרֹ֣אשׁ</w>
        <w>הֶהָרִ֔ים</w>
        <w>וְנִשָּׂ֥א</w>
        <w>ה֖וּא</w>
        <w>מִגְּבָע֑וֹת</w>
        <w>וְנָהֲר֥וּ</w>
        <w>עָלָ֖יו</w>
        <w>עַמִּֽים׃</w>
      </v>
      <v n="2">
        <w>וְֽהָלְכ֞וּ</w>
        <w>גּוֹיִ֣ם</w>
        <w>רַבִּ֗ים</w>
        <w>וְאָֽמְרוּ֙</w>
        <w>לְכ֣וּ ׀</w>
        <w>וְנַעֲלֶ֣ה</w>
        <w>אֶל־</w>
        <w>הַר־</w>
        <w>יְהוָ֗ה</w>
        <w>וְאֶל־</w>
        <w>בֵּית֙</w>
        <w>אֱלֹהֵ֣י</w>
        <w>יַעֲקֹ֔ב</w>
        <w>וְיוֹרֵ֙נוּ֙</w>
        <w>מִדְּרָכָ֔יו</w>
        <w>וְנֵלְכָ֖ה</w>
        <w>בְּאֹֽרְחֹתָ֑יו</w>
        <w>כִּ֤י</w>
        <w>מִצִיּוֹן֙</w>
        <w>תֵּצֵ֣א</w>
        <w>תוֹרָ֔ה</w>
        <w>וּדְבַר־</w>
        <w>יְהוָ֖ה</w>
        <w>מִירוּשָׁלָֽ͏ִם׃</w>
      </v>
      <v n="3">
        <w>וְשָׁפַ֗ט</w>
        <w>בֵּ֚ין</w>
        <w>עַמִּ֣ים</w>
        <w>רַבִּ֔ים</w>
        <w>וְהוֹכִ֛יחַ</w>
        <w>לְגוֹיִ֥ם</w>
        <w>עֲצֻמִ֖ים</w>
        <w>עַד־</w>
        <w>רָח֑וֹק</w>
        <w>וְכִתְּת֨וּ</w>
        <w>חַרְבֹתֵיהֶ֜ם</w>
        <w>לְאִתִּ֗ים</w>
        <w>וַחֲנִיתֹֽתֵיהֶם֙</w>
        <w>לְמַזְמֵר֔וֹת</w>
        <w>לֹֽא־</w>
        <w>יִשְׂא֞וּ</w>
        <w>גּ֤וֹי</w>
        <w>אֶל־</w>
        <w>גּוֹי֙</w>
        <w>חֶ֔רֶב</w>
        <w>וְלֹא־</w>
        <w>יִלְמְד֥וּן</w>
        <w>ע֖וֹד</w>
        <w>מִלְחָמָֽה׃</w>
      </v>
      <v n="4">
        <w>וְיָשְׁב֗וּ</w>
        <w>אִ֣ישׁ</w>
        <w>תַּ֧חַת</w>
        <w>גַּפְנ֛וֹ</w>
        <w>וְתַ֥חַת</w>
        <w>תְּאֵנָת֖וֹ</w>
        <w>וְאֵ֣ין</w>
        <w>מַחֲרִ֑יד</w>
        <w>כִּי־</w>
        <w>פִ֛י</w>
        <w>יְהוָ֥ה</w>
        <w>צְבָא֖וֹת</w>
        <w>דִּבֵּֽר׃</w>
      </v>
      <v n="5">
        <w>כִּ֚י</w>
        <w>כָּל־</w>
        <w>הָ֣עַמִּ֔ים</w>
        <w>יֵלְכ֕וּ</w>
        <w>אִ֖ישׁ</w>
        <w>בְּשֵׁ֣ם</w>
        <w>אֱלֹהָ֑יו</w>
        <w>וַאֲנַ֗חְנוּ</w>
        <w>נֵלֵ֛ךְ</w>
        <w>בְּשֵׁם־</w>
        <w>יְהוָ֥ה</w>
        <w>אֱלֹהֵ֖ינוּ</w>
        <w>לְעוֹלָ֥ם</w>
        <w>וָעֶֽד׃</w>
        <pe/>
      </v>
      <v n="6">
        <w>בַּיּ֨וֹם</w>
        <w>הַה֜וּא</w>
        <w>נְאֻם־</w>
        <w>יְהוָ֗ה</w>
        <w>אֹֽסְפָה֙</w>
        <w>הַצֹּ֣לֵעָ֔ה</w>
        <w>וְהַנִּדָּחָ֖ה</w>
        <w>אֲקַבֵּ֑צָה</w>
        <w>וַאֲשֶׁ֖ר</w>
        <w>הֲרֵעֹֽתִי׃</w>
      </v>
      <v n="7">
        <w>וְשַׂמְתִּ֤י</w>
        <w>אֶת־</w>
        <w>הַצֹּֽלֵעָה֙</w>
        <w>לִשְׁאֵרִ֔ית</w>
        <w>וְהַנַּהֲלָאָ֖ה</w>
        <w>לְג֣וֹי</w>
        <w>עָצ֑וּם</w>
        <w>וּמָלַ֨ךְ</w>
        <w>יְהוָ֤ה</w>
        <w>עֲלֵיהֶם֙</w>
        <w>בְּהַ֣ר</w>
        <w>צִיּ֔וֹן</w>
        <w>מֵעַתָּ֖ה</w>
        <w>וְעַד־</w>
        <w>עוֹלָֽם׃</w>
        <pe/>
      </v>
      <v n="8">
        <w>וְאַתָּ֣ה</w>
        <w>מִגְדַּל־</w>
        <w>עֵ֗דֶר</w>
        <w>עֹ֛פֶל</w>
        <w>בַּת־</w>
        <w>צִיּ֖וֹן</w>
        <w>עָדֶ֣יךָ</w>
        <w>תֵּאתֶ֑ה</w>
        <w>וּבָאָ֗ה</w>
        <w>הַמֶּמְשָׁלָה֙</w>
        <w>הָרִ֣אשֹׁנָ֔ה</w>
        <w>מַמְלֶ֖כֶת</w>
        <w>לְבַ֥ת</w>
        <w>יְרוּשָׁלָֽ͏ִם׃</w>
      </v>
      <v n="9">
        <w>עַתָּ֕ה</w>
        <w>לָ֥מָּה</w>
        <w>תָרִ֖יעִי</w>
        <w>רֵ֑עַ</w>
        <w>הֲמֶ֣לֶךְ</w>
        <w>אֵֽין־</w>
        <w>בָּ֗ךְ</w>
        <w>אִֽם־</w>
        <w>יוֹעֲצֵךְ֙</w>
        <w>אָבָ֔ד</w>
        <w>כִּֽי־</w>
        <w>הֶחֱזִיקֵ֥ךְ</w>
        <w>חִ֖יל</w>
        <w>כַּיּוֹלֵדָֽה׃</w>
      </v>
      <v n="10">
        <w>ח֧וּלִי</w>
        <w>וָגֹ֛חִי</w>
        <w>בַּת־</w>
        <w>צִיּ֖וֹן</w>
        <w>כַּיּֽוֹלֵדָ֑ה</w>
        <w>כִּֽי־</w>
        <w>עַתָּה֩</w>
        <w>תֵצְאִ֨י</w>
        <w>מִקִּרְיָ֜ה</w>
        <w>וְשָׁכַ֣נְתְּ</w>
        <w>בַּשָּׂדֶ֗ה</w>
        <w>וּבָ֤את</w>
        <w>עַד־</w>
        <w>בָּבֶל֙</w>
        <w>שָׁ֣ם</w>
        <w>תִּנָּצֵ֔לִי</w>
        <w>שָׁ֚ם</w>
        <w>יִגְאָלֵ֣ךְ</w>
        <w>יְהוָ֔ה</w>
        <w>מִכַּ֖ף</w>
        <w>אֹיְבָֽיִךְ׃</w>
      </v>
      <v n="11">
        <w>וְעַתָּ֛ה</w>
        <w>נֶאֶסְפ֥וּ</w>
        <w>עָלַ֖יִךְ</w>
        <w>גּוֹיִ֣ם</w>
        <w>רַבִּ֑ים</w>
        <w>הָאֹמְרִ֣ים</w>
        <w>תֶּחֱנָ֔ף</w>
        <w>וְתַ֥חַז</w>
        <w>בְּצִיּ֖וֹן</w>
        <w>עֵינֵֽינוּ׃</w>
      </v>
      <v n="12">
        <w>וְהֵ֗מָּה</w>
        <w>לֹ֤א</w>
        <w>יָֽדְעוּ֙</w>
        <w>מַחְשְׁב֣וֹת</w>
        <w>יְהוָ֔ה</w>
        <w>וְלֹ֥א</w>
        <w>הֵבִ֖ינוּ</w>
        <w>עֲצָת֑וֹ</w>
        <w>כִּ֥י</w>
        <w>קִבְּצָ֖ם</w>
        <w>כֶּעָמִ֥יר</w>
        <w>גֹּֽרְנָה׃</w>
      </v>
      <v n="13">
        <w>ק֧וּמִי</w>
        <w>וָד֣וֹשִׁי</w>
        <w>בַת־</w>
        <w>צִיּ֗וֹן</w>
        <w>כִּֽי־</w>
        <w>קַרְנֵ֞ךְ</w>
        <w>אָשִׂ֤ים</w>
        <w>בַּרְזֶל֙</w>
        <w>וּפַרְסֹתַ֙יִךְ֙</w>
        <w>אָשִׂ֣ים</w>
        <w>נְחוּשָׁ֔ה</w>
        <w>וַהֲדִקּ֖וֹת</w>
        <w>עַמִּ֣ים</w>
        <w>רַבִּ֑ים</w>
        <w>וְהַחֲרַמְתִּ֤י</w>
        <w>לַֽיהוָה֙</w>
        <w>בִּצְעָ֔ם</w>
        <w>וְחֵילָ֖ם</w>
        <w>לַאֲד֥וֹן</w>
        <w>כָּל־</w>
        <w>הָאָֽרֶץ׃</w>
      </v>
      <v n="14">
        <w>עַתָּה֙</w>
        <w>תִּתְגֹּדְדִ֣י</w>
        <w>בַת־</w>
        <w>גְּד֔וּד</w>
        <w>מָצ֖וֹר</w>
        <w>שָׂ֣ם</w>
        <w>עָלֵ֑ינוּ</w>
        <w>בַּשֵּׁ֙בֶט֙</w>
        <w>יַכּ֣וּ</w>
        <w>עַֽל־</w>
        <w>הַלְּחִ֔י</w>
        <w>אֵ֖ת</w>
        <w>שֹׁפֵ֥ט</w>
        <w>יִשְׂרָאֵֽל׃</w>
        <samekh/>
      </v>
      <vs>14</vs>
    </c>
    <c n="5">
      <v n="1">
        <w>וְאַתָּ֞ה</w>
        <w>בֵּֽית־</w>
        <w>לֶ֣חֶם</w>
        <w>אֶפְרָ֗תָה</w>
        <w>צָעִיר֙</w>
        <w>לִֽהְיוֹת֙</w>
        <w>בְּאַלְפֵ֣י</w>
        <w>יְהוּדָ֔ה</w>
        <w>מִמְּךָ֙</w>
        <w>לִ֣י</w>
        <w>יֵצֵ֔א</w>
        <w>לִֽהְי֥וֹת</w>
        <w>מוֹשֵׁ֖ל</w>
        <w>בְּיִשְׂרָאֵ֑ל</w>
        <w>וּמוֹצָאֹתָ֥יו</w>
        <w>מִקֶּ֖דֶם</w>
        <w>מִימֵ֥י</w>
        <w>עוֹלָֽם׃</w>
      </v>
      <v n="2">
        <w>לָכֵ֣ן</w>
        <w>יִתְּנֵ֔ם</w>
        <w>עַד־</w>
        <w>עֵ֥ת</w>
        <w>יוֹלֵדָ֖ה</w>
        <w>יָלָ֑דָה</w>
        <w>וְיֶ֣תֶר</w>
        <w>אֶחָ֔יו</w>
        <w>יְשׁוּב֖וּן</w>
        <w>עַל־</w>
        <w>בְּנֵ֥י</w>
        <w>יִשְׂרָאֵֽל׃</w>
      </v>
      <v n="3">
        <w>וְעָמַ֗ד</w>
        <w>וְרָעָה֙</w>
        <w>בְּעֹ֣ז</w>
        <w>יְהוָ֔ה</w>
        <w>בִּגְא֕וֹן</w>
        <w>שֵׁ֖ם</w>
        <w>יְהוָ֣ה</w>
        <w>אֱלֹהָ֑יו</w>
        <w>וְיָשָׁ֕בוּ</w>
        <w>כִּֽי־</w>
        <w>עַתָּ֥ה</w>
        <w>יִגְדַּ֖ל</w>
        <w>עַד־</w>
        <w>אַפְסֵי־</w>
        <w>אָֽרֶץ׃</w>
      </v>
      <v n="4">
        <w>וְהָיָ֥ה</w>
        <w>זֶ֖ה</w>
        <w>שָׁל֑וֹם</w>
        <w>אַשּׁ֣וּר ׀</w>
        <w>כִּֽי־</w>
        <w>יָב֣וֹא</w>
        <w>בְאַרְצֵ֗נוּ</w>
        <w>וְכִ֤י</w>
        <w>יִדְרֹךְ֙</w>
        <w>בְּאַרְמְנֹתֵ֔ינוּ</w>
        <w>וַהֲקֵמֹ֤נוּ</w>
        <w>עָלָיו֙</w>
        <w>שִׁבְעָ֣ה</w>
        <w>רֹעִ֔ים</w>
        <w>וּשְׁמֹנָ֖ה</w>
        <w>נְסִיכֵ֥י</w>
        <w>אָדָֽם׃</w>
      </v>
      <v n="5">
        <w>וְרָע֞וּ</w>
        <w>אֶת־</w>
        <w>אֶ֤רֶץ</w>
        <w>אַשּׁוּר֙</w>
        <w>בַּחֶ֔רֶב</w>
        <w>וְאֶת־</w>
        <w>אֶ֥רֶץ</w>
        <w>נִמְרֹ֖ד</w>
        <w>בִּפְתָחֶ֑יהָ</w>
        <w>וְהִצִּיל֙</w>
        <w>מֵֽאַשּׁ֔וּר</w>
        <w>כִּֽי־</w>
        <w>יָב֣וֹא</w>
        <w>בְאַרְצֵ֔נוּ</w>
        <w>וְכִ֥י</w>
        <w>יִדְרֹ֖ךְ</w>
        <w>בִּגְבוּלֵֽנוּ׃</w>
        <samekh/>
      </v>
      <v n="6">
        <w>וְהָיָ֣ה ׀</w>
        <w>שְׁאֵרִ֣ית</w>
        <w>יַעֲקֹ֗ב</w>
        <w>בְּקֶ֙רֶב֙</w>
        <w>עַמִּ֣ים</w>
        <w>רַבִּ֔ים</w>
        <w>כְּטַל֙</w>
        <w>מֵאֵ֣ת</w>
        <w>יְהוָ֔ה</w>
        <w>כִּרְבִיבִ֖ים</w>
        <w>עֲלֵי־</w>
        <w>עֵ֑שֶׂב</w>
        <w>אֲשֶׁ֤ר</w>
        <w>לֹֽא־</w>
        <w>יְקַוֶּה֙</w>
        <w>לְאִ֔ישׁ</w>
        <w>וְלֹ֥א</w>
        <w>יְיַחֵ֖ל</w>
        <w>לִבְנֵ֥י</w>
        <w>אָדָֽם׃</w>
      </v>
      <v n="7">
        <w>וְהָיָה֩</w>
        <w>שְׁאֵרִ֨ית</w>
        <w>יַעֲקֹ֜ב</w>
        <w>בַּגּוֹיִ֗ם</w>
        <w>בְּקֶ֙רֶב֙</w>
        <w>עַמִּ֣ים</w>
        <w>רַבִּ֔ים</w>
        <w>כְּאַרְיֵה֙</w>
        <w>בְּבַהֲמ֣וֹת</w>
        <w>יַ֔עַר</w>
        <w>כִּכְפִ֖יר</w>
        <w>בְּעֶדְרֵי<x>c</x>
</w>
        <w>צֹ֑אן</w>
        <w>אֲשֶׁ֧ר</w>
        <w>אִם<x>c</x>
</w>
        <w>עָבַ֛ר</w>
        <w>וְרָמַ֥ס</w>
        <w>וְטָרַ֖ף</w>
        <w>וְאֵ֥ין</w>
        <w>מַצִּֽיל׃</w>
      </v>
      <v n="8">
        <w>תָּרֹ֥ם</w>
        <w>יָדְךָ֖</w>
        <w>עַל־</w>
        <w>צָרֶ֑יךָ</w>
        <w>וְכָל־</w>
        <w>אֹיְבֶ֖יךָ</w>
        <w>יִכָּרֵֽתוּ׃</w>
        <pe/>
      </v>
      <v n="9">
        <w>וְהָיָ֤ה</w>
        <w>בַיּוֹם־</w>
        <w>הַהוּא֙</w>
        <w>נְאֻם־</w>
        <w>יְהוָ֔ה</w>
        <w>וְהִכְרַתִּ֥י</w>
        <w>סוּסֶ֖יךָ</w>
        <w>מִקִּרְבֶּ֑ךָ</w>
        <w>וְהַאֲבַדְתִּ֖י</w>
        <w>מַרְכְּבֹתֶֽיךָ׃</w>
      </v>
      <v n="10">
        <w>וְהִכְרַתִּ֖י</w>
        <w>עָרֵ֣י</w>
        <w>אַרְצֶ֑ךָ</w>
        <w>וְהָרַסְתִּ֖י</w>
        <w>כָּל־</w>
        <w>מִבְצָרֶֽיךָ׃</w>
      </v>
      <v n="11">
        <w>וְהִכְרַתִּ֥י</w>
        <w>כְשָׁפִ֖ים</w>
        <w>מִיָּדֶ֑ךָ</w>
        <w>וּֽמְעוֹנְנִ֖ים</w>
        <w>לֹ֥א</w>
        <w>יִֽהְיוּ־</w>
        <w>לָֽךְ׃</w>
      </v>
      <v n="12">
        <w>וְהִכְרַתִּ֧י</w>
        <w>פְסִילֶ֛יךָ</w>
        <w>וּמַצֵּבוֹתֶ֖יךָ</w>
        <w>מִקִּרְבֶּ֑ךָ</w>
        <w>וְלֹֽא־</w>
        <w>תִשְׁתַּחֲוֶ֥ה</w>
        <w>ע֖וֹד</w>
        <w>לְמַעֲשֵׂ֥ה</w>
        <w>יָדֶֽיךָ׃</w>
      </v>
      <v n="13">
        <w>וְנָתַשְׁתִּ֥י</w>
        <w>אֲשֵׁירֶ֖יךָ</w>
        <w>מִקִּרְבֶּ֑ךָ</w>
        <w>וְהִשְׁמַדְתִּ֖י</w>
        <w>עָרֶֽיךָ׃</w>
      </v>
      <v n="14">
        <w>וְעָשִׂ֜יתִי</w>
        <w>בְּאַ֧ף</w>
        <w>וּבְחֵמָ֛ה</w>
        <w>נָקָ֖ם</w>
        <w>אֶת־</w>
        <w>הַגּוֹיִ֑ם</w>
        <w>אֲשֶׁ֖ר</w>
        <w>לֹ֥א</w>
        <w>שָׁמֵֽעוּ׃</w>
        <samekh/>
      </v>
      <vs>14</vs>
    </c>
    <c n="6">
      <v n="1">
        <w>שִׁמְעוּ־</w>
        <w>נָ֕א</w>
        <w>אֵ֥ת</w>
        <w>אֲשֶׁר־</w>
        <w>יְהוָ֖ה</w>
        <w>אֹמֵ֑ר</w>
        <w>ק֚וּם</w>
        <w>רִ֣יב</w>
        <w>אֶת־</w>
        <w>הֶהָרִ֔ים</w>
        <w>וְתִשְׁמַ֥עְנָה</w>
        <w>הַגְּבָע֖וֹת</w>
        <w>קוֹלֶֽךָ׃</w>
      </v>
      <v n="2">
        <w>שִׁמְע֤וּ</w>
        <w>הָרִים֙</w>
        <w>אֶת־</w>
        <w>רִ֣יב</w>
        <w>יְהוָ֔ה</w>
        <w>וְהָאֵתָנִ֖ים</w>
        <w>מֹ֣סְדֵי</w>
        <w>אָ֑רֶץ</w>
        <w>כִּ֣י</w>
        <w>רִ֤יב</w>
        <w>לַֽיהוָה֙</w>
        <w>עִם־</w>
        <w>עַמּ֔וֹ</w>
        <w>וְעִם־</w>
        <w>יִשְׂרָאֵ֖ל</w>
        <w>יִתְוַכָּֽח׃</w>
      </v>
      <v n="3">
        <w>עַמִּ֛י</w>
        <w>מֶה־</w>
        <w>עָשִׂ֥יתִי</w>
        <w>לְךָ֖</w>
        <w>וּמָ֣ה</w>
        <w>הֶלְאֵתִ֑יךָ</w>
        <w>עֲנֵ֥ה</w>
        <w>בִּֽי׃</w>
      </v>
      <v n="4">
        <w>כִּ֤י</w>
        <w>הֶעֱלִתִ֙יךָ֙</w>
        <w>מֵאֶ֣רֶץ</w>
        <w>מִצְרַ֔יִם</w>
        <w>וּמִבֵּ֥ית</w>
        <w>עֲבָדִ֖ים</w>
        <w>פְּדִיתִ֑יךָ</w>
        <w>וָאֶשְׁלַ֣ח</w>
        <w>לְפָנֶ֔יךָ</w>
        <w>אֶת־</w>
        <w>מֹשֶׁ֖ה</w>
        <w>אַהֲרֹ֥ן</w>
        <w>וּמִרְיָֽם׃</w>
      </v>
      <v n="5">
        <w>עַמִּ֗י</w>
        <w>זְכָר־</w>
        <w>נָא֙</w>
        <w>מַה־</w>
        <w>יָּעַ֗ץ</w>
        <w>בָּלָק֙</w>
        <w>מֶ֣לֶךְ</w>
        <w>מוֹאָ֔ב</w>
        <w>וּמֶה־</w>
        <w>עָנָ֥ה</w>
        <w>אֹת֖וֹ</w>
        <w>בִּלְעָ֣ם</w>
        <w>בֶּן־</w>
        <w>בְּע֑וֹר</w>
        <w>מִן־</w>
        <w>הַשִּׁטִּים֙</w>
        <w>עַד־</w>
        <w>הַגִּלְגָּ֔ל</w>
        <w>לְמַ֕עַן</w>
        <w>דַּ֖עַת</w>
        <w>צִדְק֥וֹת</w>
        <w>יְהוָֽה׃</w>
      </v>
      <v n="6">
        <w>בַּמָּה֙</w>
        <w>אֲקַדֵּ֣ם</w>
        <w>יְהוָ֔ה</w>
        <w>אִכַּ֖ף</w>
        <w>לֵאלֹהֵ֣י</w>
        <w>מָר֑וֹם</w>
        <w>הַאֲקַדְּמֶ֣נּוּ</w>
        <w>בְעוֹל֔וֹת</w>
        <w>בַּעֲגָלִ֖ים</w>
        <w>בְּנֵ֥י</w>
        <w>שָׁנָֽה׃</w>
      </v>
      <v n="7">
        <w>הֲיִרְצֶ֤ה</w>
        <w>יְהוָה֙</w>
        <w>בְּאַלְפֵ֣י</w>
        <w>אֵילִ֔ים</w>
        <w>בְּרִֽבְב֖וֹת</w>
        <w>נַֽחֲלֵי־</w>
        <w>שָׁ֑מֶן</w>
        <w>הַאֶתֵּ֤ן</w>
        <w>בְּכוֹרִי֙</w>
        <w>פִּשְׁעִ֔י</w>
        <w>פְּרִ֥י</w>
        <w>בִטְנִ֖י</w>
        <w>חַטַּ֥את</w>
        <w>נַפְשִֽׁי׃</w>
      </v>
      <v n="8">
        <w>הִגִּ֥יד</w>
        <w>לְךָ֛</w>
        <w>אָדָ֖ם</w>
        <w>מַה־</w>
        <w>טּ֑וֹב</w>
        <w>וּמָֽה־</w>
        <w>יְהוָ֞ה</w>
        <w>דּוֹרֵ֣שׁ</w>
        <w>מִמְּךָ֗</w>
        <w>כִּ֣י</w>
        <w>אִם־</w>
        <w>עֲשׂ֤וֹת</w>
        <w>מִשְׁפָּט֙</w>
        <w>וְאַ֣הֲבַת</w>
        <w>חֶ֔סֶד</w>
        <w>וְהַצְנֵ֥עַ</w>
        <w>לֶ֖כֶת</w>
        <w>עִם־</w>
        <w>אֱלֹהֶֽיךָ׃</w>
        <pe/>
      </v>
      <v n="9">
        <w>ק֤וֹל</w>
        <w>יְהוָה֙</w>
        <w>לָעִ֣יר</w>
        <w>יִקְרָ֔א</w>
        <w>וְתוּשִׁיָּ֖ה</w>
        <w>יִרְאֶ֣ה</w>
        <w>שְׁמֶ֑ךָ</w>
        <w>שִׁמְע֥וּ</w>
        <w>מַטֶּ֖ה</w>
        <w>וּמִ֥י</w>
        <w>יְעָדָֽהּ׃</w>
      </v>
      <v n="10">
        <w>ע֗וֹד</w>
        <w>הַאִשׁ֙</w>
        <w>בֵּ֣ית</w>
        <w>רָשָׁ֔ע</w>
        <w>אֹצְר֖וֹת</w>
        <w>רֶ֑שַׁע</w>
        <w>וְאֵיפַ֥ת</w>
        <w>רָז֖וֹן</w>
        <w>זְעוּמָֽה׃</w>
      </v>
      <v n="11">
        <w>הַאֶזְכֶּ֖ה</w>
        <w>בְּמֹ֣אזְנֵי</w>
        <w>רֶ֑שַׁע</w>
        <w>וּבְכִ֖יס</w>
        <w>אַבְנֵ֥י</w>
        <w>מִרְמָֽה׃</w>
      </v>
      <v n="12">
        <w>אֲשֶׁ֤ר</w>
        <w>עֲשִׁירֶ֙יהָ֙</w>
        <w>מָלְא֣וּ</w>
        <w>חָמָ֔ס</w>
        <w>וְיֹשְׁבֶ֖יהָ</w>
        <w>דִּבְּרוּ־</w>
        <w>שָׁ֑קֶר</w>
        <w>וּלְשׁוֹנָ֖ם</w>
        <w>רְמִיָּ֥ה</w>
        <w>בְּפִיהֶֽם׃</w>
      </v>
      <v n="13">
        <w>וְגַם־</w>
        <w>אֲנִ֖י</w>
        <w>הֶחֱלֵ֣יתִי</w>
        <w>הַכּוֹתֶ֑ךָ</w>
        <w>הַשְׁמֵ֖ם</w>
        <w>עַל־</w>
        <w>חַטֹּאתֶֽךָ׃</w>
      </v>
      <v n="14">
        <w>אַתָּ֤ה</w>
        <w>תֹאכַל֙</w>
        <w>וְלֹ֣א</w>
        <w>תִשְׂבָּ֔ע</w>
        <w>וְיֶשְׁחֲךָ֖</w>
        <w>בְּקִרְבֶּ֑ךָ</w>
        <w>וְתַסֵּג֙</w>
        <w>וְלֹ֣א</w>
        <w>תַפְלִ֔יט</w>
        <w>וַאֲשֶׁ֥ר</w>
        <w>תְּפַלֵּ֖ט</w>
        <w>לַחֶ֥רֶב</w>
        <w>אֶתֵּֽן׃</w>
      </v>
      <v n="15">
        <w>אַתָּ֥ה</w>
        <w>תִזְרַ֖ע</w>
        <w>וְלֹ֣א</w>
        <w>תִקְצ֑וֹר</w>
        <w>אַתָּ֤ה</w>
        <w>תִדְרֹֽךְ־</w>
        <w>זַ֙יִת֙</w>
        <w>וְלֹא־</w>
        <w>תָס֣וּךְ</w>
        <w>שֶׁ֔מֶן</w>
        <w>וְתִיר֖וֹשׁ</w>
        <w>וְלֹ֥א</w>
        <w>תִשְׁתֶּה־</w>
        <w>יָּֽיִן׃</w>
      </v>
      <v n="16">
        <w>וְיִשְׁתַּמֵּ֞ר</w>
        <w>חֻקּ֣וֹת</w>
        <w>עָמְרִ֗י</w>
        <w>וְכֹל֙</w>
        <w>מַעֲשֵׂ֣ה</w>
        <w>בֵית־</w>
        <w>אַחְאָ֔ב</w>
        <w>וַתֵּלְכ֖וּ</w>
        <w>בְּמֹֽעֲצוֹתָ֑ם</w>
        <w>לְמַעַן֩</w>
        <w>תִּתִּ֨י</w>
        <w>אֹתְךָ֜</w>
        <w>לְשַׁמָּ֗ה</w>
        <w>וְיֹשְׁבֶ֙יהָ֙</w>
        <w>לִשְׁרֵקָ֔ה</w>
        <w>וְחֶרְפַּ֥ת</w>
        <w>עַמִּ֖י</w>
        <w>תִּשָּֽׂאוּ׃</w>
        <pe/>
      </v>
      <vs>16</vs>
    </c>
    <c n="7">
      <v n="1">
        <w>אַ֣לְלַי</w>
        <w>לִ֗י</w>
        <w>כִּ֤י</w>
        <w>הָיִ֙יתִי֙</w>
        <w>כְּאָסְפֵּי־</w>
        <w>קַ֔יִץ</w>
        <w>כְּעֹלְלֹ֖ת</w>
        <w>בָּצִ֑יר</w>
        <w>אֵין־</w>
        <w>אֶשְׁכּ֣וֹל</w>
        <w>לֶאֱכ֔וֹל</w>
        <w>בִּכּוּרָ֖ה</w>
        <w>אִוְּתָ֥ה</w>
        <w>נַפְשִֽׁי׃</w>
      </v>
      <v n="2">
        <w>אָבַ֤ד</w>
        <w>חָסִיד֙</w>
        <w>מִן־</w>
        <w>הָאָ֔רֶץ</w>
        <w>וְיָשָׁ֥ר</w>
        <w>בָּאָדָ֖ם</w>
        <w>אָ֑יִן</w>
        <w>כֻּלָּם֙</w>
        <w>לְדָמִ֣ים</w>
        <w>יֶאֱרֹ֔בוּ</w>
        <w>אִ֥ישׁ</w>
        <w>אֶת־</w>
        <w>אָחִ֖יהוּ</w>
        <w>יָצ֥וּדוּ</w>
        <w>חֵֽרֶם׃</w>
      </v>
      <v n="3">
        <w>עַל־</w>
        <w>הָרַ֤ע</w>
        <w>כַּפַּ֙יִם֙</w>
        <w>לְהֵיטִ֔יב</w>
        <w>הַשַּׂ֣ר</w>
        <w>שֹׁאֵ֔ל</w>
        <w>וְהַשֹּׁפֵ֖ט</w>
        <w>בַּשִׁלּ֑וּם</w>
        <w>וְהַגָּד֗וֹל</w>
        <w>דֹּבֵ֨ר</w>
        <w>הַוַּ֥ת</w>
        <w>נַפְשׁ֛וֹ</w>
        <w>ה֖וּא</w>
        <w>וַֽיְעַבְּתֽוּהָ׃</w>
      </v>
      <v n="4">
        <w>טוֹבָ֣ם</w>
        <w>כְּחֵ֔דֶק</w>
        <w>יָשָׁ֖ר</w>
        <w>מִמְּסוּכָ֑ה</w>
        <w>י֤וֹם</w>
        <w>מְצַפֶּ֙יךָ֙</w>
        <w>פְּקֻדָּתְךָ֣</w>
        <w>בָ֔אָה</w>
        <w>עַתָּ֥ה</w>
        <w>תִהְיֶ֖ה</w>
        <w>מְבוּכָתָֽם׃</w>
      </v>
      <v n="5">
        <w>אַל־</w>
        <w>תַּאֲמִ֣ינוּ</w>
        <w>בְרֵ֔עַ</w>
        <w>אַֽל־</w>
        <w>תִּבְטְח֖וּ</w>
        <w>בְּאַלּ֑וּף</w>
        <w>מִשֹּׁכֶ֣בֶת</w>
        <w>חֵיקֶ֔ךָ</w>
        <w>שְׁמֹ֖ר</w>
        <w>פִּתְחֵי־</w>
        <w>פִֽיךָ׃</w>
      </v>
      <v n="6">
        <w>כִּֽי־</w>
        <w>בֵן֙</w>
        <w>מְנַבֵּ֣ל</w>
        <w>אָ֔ב</w>
        <w>בַּ֚ת</w>
        <w>קָמָ֣ה</w>
        <w>בְאִמָּ֔הּ</w>
        <w>כַּלָּ֖ה</w>
        <w>בַּחֲמֹתָ֑הּ</w>
        <w>אֹיְבֵ֥י</w>
        <w>אִ֖ישׁ</w>
        <w>אַנְשֵׁ֥י</w>
        <w>בֵיתֽוֹ׃</w>
      </v>
      <v n="7">
        <w>וַאֲנִי֙</w>
        <w>בַּיהוָ֣ה</w>
        <w>אֲצַפֶּ֔ה</w>
        <w>אוֹחִ֖ילָה</w>
        <w>לֵאלֹהֵ֣י</w>
        <w>יִשְׁעִ֑י</w>
        <w>יִשְׁמָעֵ֖נִי</w>
        <w>אֱלֹהָֽי׃</w>
      </v>
      <v n="8">
        <w>אַֽל־</w>
        <w>תִּשְׂמְחִ֤י</w>
        <w>אֹיַ֙בְתִּי֙</w>
        <w>לִ֔י</w>
        <w>כִּ֥י</w>
        <w>נָפַ֖לְתִּי</w>
        <w>קָ֑מְתִּי</w>
        <w>כִּֽי־</w>
        <w>אֵשֵׁ֣ב</w>
        <w>בַּחֹ֔שֶׁךְ</w>
        <w>יְהוָ֖ה</w>
        <w>א֥וֹר</w>
        <w>לִֽי׃</w>
        <samekh/>
      </v>
      <v n="9">
        <w>זַ֤עַף</w>
        <w>יְהוָה֙</w>
        <w>אֶשָּׂ֔א</w>
        <w>כִּ֥י</w>
        <w>חָטָ֖אתִי</w>
        <w>ל֑וֹ</w>
        <w>עַד֩</w>
        <w>אֲשֶׁ֨ר</w>
        <w>יָרִ֤יב</w>
        <w>רִיבִי֙</w>
        <w>וְעָשָׂ֣ה</w>
        <w>מִשְׁפָּטִ֔י</w>
        <w>יוֹצִיאֵ֣נִי</w>
        <w>לָא֔וֹר</w>
        <w>אֶרְאֶ֖ה</w>
        <w>בְּצִדְקָתֽוֹ׃</w>
      </v>
      <v n="10">
        <w>וְתֵרֶ֤א</w>
        <w>אֹיַ֙בְתִּי֙</w>
        <w>וּתְכַסֶּ֣הָ</w>
        <w>בוּשָׁ֔ה</w>
        <w>הָאֹמְרָ֣ה</w>
        <w>אֵלַ֔י</w>
        <w>אַיּ֖וֹ</w>
        <w>יְהוָ֣ה</w>
        <w>אֱלֹהָ֑יִךְ</w>
        <w>עֵינַי֙</w>
        <w>תִּרְאֶ֣ינָּה</w>
        <w>בָּ֔הּ</w>
        <w>עַתָּ֛ה</w>
        <w>תִּֽהְיֶ֥ה</w>
        <w>לְמִרְמָ֖ס</w>
        <w>כְּטִ֥יט</w>
        <w>חוּצֽוֹת׃</w>
      </v>
      <v n="11">
        <w>י֖וֹם</w>
        <w>לִבְנ֣וֹת</w>
        <w>גְּדֵרָ֑יִךְ</w>
        <w>י֥וֹם</w>
        <w>הַה֖וּא</w>
        <w>יִרְחַק־</w>
        <w>חֹֽק׃</w>
      </v>
      <v n="12">
        <w>י֥וֹם</w>
        <w>הוּא֙</w>
        <w>וְעָדֶ֣יךָ</w>
        <w>יָב֔וֹא</w>
        <w>לְמִנִּ֥י</w>
        <w>אַשּׁ֖וּר</w>
        <w>וְעָרֵ֣י</w>
        <w>מָצ֑וֹר</w>
        <w>וּלְמִנִּ֤י</w>
        <w>מָצוֹר֙</w>
        <w>וְעַד־</w>
        <w>נָהָ֔ר</w>
        <w>וְיָ֥ם</w>
        <w>מִיָּ֖ם</w>
        <w>וְהַ֥ר</w>
        <w>הָהָֽר׃</w>
      </v>
      <v n="13">
        <w>וְהָיְתָ֥ה</w>
        <w>הָאָ֛רֶץ</w>
        <w>לִשְׁמָמָ֖ה</w>
        <w>עַל־</w>
        <w>יֹֽשְׁבֶ֑יהָ</w>
        <w>מִפְּרִ֖י</w>
        <w>מַֽעַלְלֵיהֶֽם׃</w>
        <samekh/>
      </v>
      <v n="14">
        <w>רְעֵ֧ה</w>
        <w>עַמְּךָ֣</w>
        <w>בְשִׁבְטֶ֗ךָ</w>
        <w>צֹ֚אן</w>
        <w>נַֽחֲלָתֶ֔ךָ</w>
        <w>שֹׁכְנִ֣י</w>
        <w>לְבָדָ֔ד</w>
        <w>יַ֖עַר</w>
        <w>בְּת֣וֹךְ</w>
        <w>כַּרְמֶ֑ל</w>
        <w>יִרְע֥וּ</w>
        <w>בָשָׁ֛ן</w>
        <w>וְגִלְעָ֖ד</w>
        <w>כִּימֵ֥י</w>
        <w>עוֹלָֽם׃</w>
      </v>
      <v n="15">
        <w>כִּימֵ֥י</w>
        <w>צֵאתְךָ֖</w>
        <w>מֵאֶ֣רֶץ</w>
        <w>מִצְרָ֑יִם</w>
        <w>אַרְאֶ֖נּוּ</w>
        <w>נִפְלָאֽוֹת׃</w>
      </v>
      <v n="16">
        <w>יִרְא֤וּ</w>
        <w>גוֹיִם֙</w>
        <w>וְיֵבֹ֔שׁוּ</w>
        <w>מִכֹּ֖ל</w>
        <w>גְּבֽוּרָתָ֑ם</w>
        <w>יָשִׂ֤ימוּ</w>
        <w>יָד֙</w>
        <w>עַל־</w>
        <w>פֶּ֔ה</w>
        <w>אָזְנֵיהֶ֖ם</w>
        <w>תֶּחֱרַֽשְׁנָה׃</w>
      </v>
      <v n="17">
        <w>יְלַחֲכ֤וּ</w>
        <w>עָפָר֙</w>
        <w>כַּנָּחָ֔שׁ</w>
        <w>כְּזֹחֲלֵ֣י</w>
        <w>אֶ֔רֶץ</w>
        <w>יִרְגְּז֖וּ</w>
        <w>מִמִּסְגְּרֹֽתֵיהֶ֑ם</w>
        <w>אֶל־</w>
        <w>יְהוָ֤ה</w>
        <w>אֱלֹהֵ֙ינוּ֙</w>
        <w>יִפְחָ֔דוּ</w>
        <w>וְיִֽרְא֖וּ</w>
        <w>מִמֶּֽךָּ׃</w>
      </v>
      <v n="18">
        <w>מִי־</w>
        <w>אֵ֣ל</w>
        <w>כָּמ֗וֹךָ</w>
        <w>נֹשֵׂ֤א</w>
        <w>עָוֺן֙</w>
        <w>וְעֹבֵ֣ר</w>
        <w>עַל־</w>
        <w>פֶּ֔שַׁע</w>
        <w>לִשְׁאֵרִ֖ית</w>
        <w>נַחֲלָת֑וֹ</w>
        <w>לֹא־</w>
        <w>הֶחֱזִ֤יק</w>
        <w>לָעַד֙</w>
        <w>אַפּ֔וֹ</w>
        <w>כִּֽי־</w>
        <w>חָפֵ֥ץ</w>
        <w>חֶ֖סֶד</w>
        <w>הֽוּא׃</w>
      </v>
      <v n="19">
        <w>יָשׁ֣וּב</w>
        <w>יְרַֽחֲמֵ֔נוּ</w>
        <w>יִכְבֹּ֖שׁ</w>
        <w>עֲוֺֽנֹתֵ֑ינוּ</w>
        <w>וְתַשְׁלִ֛יךְ</w>
        <w>בִּמְצֻל֥וֹת</w>
        <w>יָ֖ם</w>
        <w>כָּל־</w>
        <w>חַטֹּאותָֽם׃</w>
      </v>
      <v n="20">
        <w>תִּתֵּ֤ן</w>
        <w>אֱמֶת֙</w>
        <w>לְיַֽעֲקֹ֔ב</w>
        <w>חֶ֖סֶד</w>
        <w>לְאַבְרָהָ֑ם</w>
        <w>אֲשֶׁר־</w>
        <w>נִשְׁבַּ֥עְתָּ</w>
        <w>לַאֲבֹתֵ֖ינוּ</w>
        <w>מִ֥ימֵי</w>
        <w>קֶֽדֶם׃</w>
      </v>
      <vs>20</vs>
    </c>
    <vs>105</vs>
    <cs>7</cs>
  </book>
</tanach>
<notes>
  <note>
    <code>4</code>
    <gccode>4</gccode>
    <note>Puncta extraordinaria -- an x05c4 is used to mark such marks in the text when they are above the line and an x05c5 when they are below the line. </note>
  </note>
  <note>
    <code>5</code>
    <gccode>5</gccode>
    <note>Large letter(s). Shown as large letters.</note>
  </note>
  <note>
    <code>6</code>
    <gccode>6</gccode>
    <note>Small letter(s). Shown as small letters.</note>
  </note>
  <note>
    <code>7</code>
    <gccode>7</gccode>
    <note>Suspended letter(s). Shown as suspended letters.</note>
  </note>
  <note>
    <code>8</code>
    <gccode>8</gccode>
    <note>Inverted nun in the text.</note>
  </note>
  <note>
    <code>c</code>
    <gccode>c</gccode>
    <note>Text is correct relative to LC. Usually this marks a peculiarity of the LC relative to the other Masoretic texts.</note>
  </note>
  <note>
    <code>d</code>
    <gccode>d</gccode>
    <note>This tipeha is a dehi in other texts.</note>
  </note>
  <note>
    <code>m</code>
    <gccode>m</gccode>
    <note>This meteg is a merkha in other texts.</note>
  </note>
  <note>
    <code>t</code>
    <gccode>t</gccode>
    <note>Transcription uncertain. Examine the LC image for other possible readings.</note>
  </note>
  <note>
    <code>X</code>
    <gccode>X</gccode>
    <note>This verse does NOT occur in the Leningrad Codex. Included for continuity of verse numbering.</note>
  </note>
</notes>
</Tanach>
