<?xml version="1.0" encoding="UTF-8"?>
<!-- Copyright C.V.Kimball 2013 -->
<Tanach xmlns:xsi="http://www.w3.org/2001/XMLSchema-instance" xsi:noNamespaceSchemaLocation="../XSL/Tanach.xsd">
<teiHeader>
  <fileDesc>
    <titleStmt>
      <title level="s" type="uniform">Tanach</title>
      <title level="s" type="uniformhebrew">תנ״ך</title>
      <title level="s" type="main">Unicode/XML Leningrad Codex</title>
      <title level="a" type="main">Ruth</title>
      <title level="a" type="mainhebrew">רות</title>
      <title level="a" type="filename">Ruth</title>
      <editor>Shemu'el ben Ya'akov</editor>
      <editor>Aharon ben-Mosheh ben-Asher</editor>
      <respStmt>
        <resp>Publisher:</resp>
        <name>Christopher V. Kimball</name>
        <name type="email">mail@cvkimball.com</name>
      </respStmt>
    </titleStmt>
    <editionStmt>
      <edition>Unicode/XML Leningrad Codex (UXLC)
        <version>UXLC 2.0</version>
        <date>19 Oct 2023</date>
        <build>27.1</build>
        <buildDateTime>19 Oct 2023  00:00</buildDateTime>
      </edition>
<respStmt>
<resp>WLC2XML[21 Apr 2023] - Transcription from Michigan-Claremont encoding to Unicode with XML markings. See details in notes.</resp>
<resp>ScanReplace/EditWLC[30 Dec 2020] - Edits/removes transcription notes; removes MDs.</resp>
<resp>ScanReplace/InsertCGJs[29 Dec 2020] - Places CGJ in Jerusalem VUV words and leading metegs.</resp>
<resp>Updater[15 Sep 2023] - Changes.xml file dated 2020.02.19 . </resp>
<resp>Updater[15 Sep 2023] - Changes.xml file dated 2020.10.19 . </resp>
<resp>Updater[15 Sep 2023] - Changes.xml file dated 2021.04.01 . </resp>
<resp>Updater[15 Sep 2023] - Changes.xml file dated 2021.10.19 . </resp>
<resp>Updater[15 Sep 2023] - Changes.xml file dated 2022.04.01 . </resp>
<resp>Updater[15 Sep 2023] - Changes.xml file dated 2022.07.04 . </resp>
<resp>Updater[15 Sep 2023] - Changes.xml file dated 2022.10.19 . </resp>
<resp>Updater[15 Sep 2023] - Changes.xml file dated 2022.12.07 . </resp>
<resp>Updater[15 Sep 2023] - Changes.xml file dated 2023.04.01 . </resp>
<resp>Updater[15 Sep 2023] - Changes.xml file dated 2023.07.04 . </resp>
<resp>Updater[15 Sep 2023] - Changes.xml file dated 2023.10.19 . </resp>
</respStmt>
    </editionStmt>
    <extent>52074</extent>
    <publicationStmt>
      <distributor>Via web site:
        <name>Christopher V. Kimball</name>
        <name type="url">https://tanach.us/Tanach.xml</name>
        <name type="email">mail@cvkimball.com</name>
      </distributor>
      <availability status="free">Freely available</availability>
    </publicationStmt>
    <notesStmt>
      <note>The original text file wlc420_ps.txt was provided by the Groves Center. 
The file has the MD5 hash: d31a 6a6e 9afa bf82 272c 2efb 0522 a12e 
and was dated 25 Jan 2016. Six transcription notes (5,7,F) have been moved to the noted character (Lev 11:42.4, Judg 18:30.11, Isa 9.6.1, Ps 80:14.3, Job 38:13.5, Job 38:15.2) to produce the file wlc420_ps_td.txt for conversion to Unicode and XML by the program WLC2XML. The only other changes to the Groves Center text are: The book names in English and Hebrew of the Jewish Publication Society Tanach and book abbreviations from the New Revised Standard Version have been added. MC code 32 added as atnah hafukh by Steve Salisbury, 30 Sep 2021. The atnah hafukh codepoint, x05a2, has been added to the character table; it does not appear in WLC 4.20. </note>
    <correction>
<citation>3:16.9</citation>
<description>Consider possible dagesh in lamed. Add note 't'.</description>
<author>Daniel Holman</author>
<filedate>2023.10.19</filedate>
<date>2023.09.11</date>
<n>6</n>
</correction>
</notesStmt>
    <sourceDesc>
      <biblItem>
        <title>Hebrew Bible</title>
        <title>Leningrad Codex</title>
        <editor>Shemu'el ben Ya'akov</editor>
        <editor>Aharon ben-Mosheh ben-Asher</editor>
        <edition>Original document</edition>
        <imprint>
          <publisher>Russian National Library (Saltykov-Shchedrin)</publisher>
          <pubPlace>St. Petersburg (Leningrad)</pubPlace>
          <date>1008</date>
        </imprint>
        <idno type="Accession">Firkovich B 19 A</idno>
      </biblItem>
      <biblItem>
        <title>The Leningrad Codex - A Facsimile Edition</title>
        <editor>Freedman, David Noel</editor>
        <editor>Beck, Astrid B.</editor>
        <edition>First</edition>
        <imprint>
          <publisher>Wm. B. Eerdmans Publishing Co.</publisher>
          <pubPlace>Grand Rapids, MI</pubPlace>
          <date>1998</date>
        </imprint>
        <idno type="IBSN">0-8028-3786-7</idno>
      </biblItem>
      <biblItem>
        <title>The Westminster Leningrad Codex</title>
        <editor>Salisbury, Stephen K.</editor>
        <edition>WLC 4.20</edition>
        <imprint>
          <publisher>The J. Alan Groves Center for Advanced Biblical Research ("Groves Center").</publisher>
          <pubPlace>2960 Church Rd.</pubPlace>
          <pubPlace>Glenside, PA 19038</pubPlace>
          <date>25 January 2016</date>
        </imprint>
        <idno type="Unknown"/>
      </biblItem>
    </sourceDesc>
  </fileDesc>
  <encodingDesc>
  </encodingDesc>
  <profileDesc>
    <creation>From WLC 4.20 provided by the Groves Center.</creation>
    <date>25 Jan 2016</date>
    <langUsage>
      <language ident="HE">Hebrew</language>
    </langUsage>
  </profileDesc>
</teiHeader>
<tanach>
  <book>
    <names>
      <name>Ruth</name>
      <abbrev>Ruth</abbrev>
      <number>31</number>
      <filename>Ruth</filename>
      <hebrewname>רות</hebrewname>
    </names>
    <c n="1">
      <v n="1">
        <w>וַיְהִ֗י</w>
        <w>בִּימֵי֙</w>
        <w>שְׁפֹ֣ט</w>
        <w>הַשֹּׁפְטִ֔ים</w>
        <w>וַיְהִ֥י</w>
        <w>רָעָ֖ב</w>
        <w>בָּאָ֑רֶץ</w>
        <w>וַיֵּ֨לֶךְ</w>
        <w>אִ֜ישׁ</w>
        <w>מִבֵּ֧ית</w>
        <w>לֶ֣חֶם</w>
        <w>יְהוּדָ֗ה</w>
        <w>לָגוּר֙</w>
        <w>בִּשְׂדֵ֣י</w>
        <w>מוֹאָ֔ב</w>
        <w>ה֥וּא</w>
        <w>וְאִשְׁתּ֖וֹ</w>
        <w>וּשְׁנֵ֥י</w>
        <w>בָנָֽיו׃</w>
      </v>
      <v n="2">
        <w>וְשֵׁ֣ם</w>
        <w>הָאִ֣ישׁ</w>
        <w>אֱ‍ֽלִימֶ֡לֶךְ</w>
        <w>וְשֵׁם֩</w>
        <w>אִשְׁתּ֨וֹ</w>
        <w>נָעֳמִ֜י</w>
        <w>וְשֵׁ֥ם</w>
        <w>שְׁנֵֽי־</w>
        <w>בָנָ֣יו ׀</w>
        <w>מַחְל֤וֹן</w>
        <w>וְכִלְיוֹן֙</w>
        <w>אֶפְרָתִ֔ים</w>
        <w>מִבֵּ֥ית</w>
        <w>לֶ֖חֶם</w>
        <w>יְהוּדָ֑ה</w>
        <w>וַיָּבֹ֥אוּ</w>
        <w>שְׂדֵי־</w>
        <w>מוֹאָ֖ב</w>
        <w>וַיִּֽהְיוּ־</w>
        <w>שָֽׁם׃</w>
      </v>
      <v n="3">
        <w>וַיָּ֥מָת</w>
        <w>אֱלִימֶ֖לֶךְ</w>
        <w>אִ֣ישׁ</w>
        <w>נָעֳמִ֑י</w>
        <w>וַתִּשָּׁאֵ֥ר</w>
        <w>הִ֖יא</w>
        <w>וּשְׁנֵ֥י</w>
        <w>בָנֶֽיהָ׃</w>
      </v>
      <v n="4">
        <w>וַיִּשְׂא֣וּ</w>
        <w>לָהֶ֗ם</w>
        <w>נָשִׁים֙</w>
        <w>מֹֽאֲבִיּ֔וֹת</w>
        <w>שֵׁ֤ם</w>
        <w>הָֽאַחַת֙</w>
        <w>עָרְפָּ֔ה</w>
        <w>וְשֵׁ֥ם</w>
        <w>הַשֵּׁנִ֖ית</w>
        <w>ר֑וּת</w>
        <w>וַיֵּ֥שְׁבוּ</w>
        <w>שָׁ֖ם</w>
        <w>כְּעֶ֥שֶׂר</w>
        <w>שָׁנִֽים׃</w>
      </v>
      <v n="5">
        <w>וַיָּמ֥וּתוּ</w>
        <w>גַם־</w>
        <w>שְׁנֵיהֶ֖ם</w>
        <w>מַחְל֣וֹן</w>
        <w>וְכִלְי֑וֹן</w>
        <w>וַתִּשָּׁאֵר֙</w>
        <w>הָֽאִשָּׁ֔ה</w>
        <w>מִשְּׁנֵ֥י</w>
        <w>יְלָדֶ֖יהָ</w>
        <w>וּמֵאִישָֽׁהּ׃</w>
      </v>
      <v n="6">
        <w>וַתָּ֤קָם</w>
        <w>הִיא֙</w>
        <w>וְכַלֹּתֶ֔יהָ</w>
        <w>וַתָּ֖שָׁב</w>
        <w>מִשְּׂדֵ֣י</w>
        <w>מוֹאָ֑ב</w>
        <w>כִּ֤י</w>
        <w>שָֽׁמְעָה֙</w>
        <w>בִּשְׂדֵ֣ה</w>
        <w>מוֹאָ֔ב</w>
        <w>כִּֽי־</w>
        <w>פָקַ֤ד</w>
        <w>יְהוָה֙</w>
        <w>אֶת־</w>
        <w>עַמּ֔וֹ</w>
        <w>לָתֵ֥ת</w>
        <w>לָהֶ֖ם</w>
        <w>לָֽחֶם׃</w>
      </v>
      <v n="7">
        <w>וַתֵּצֵ֗א</w>
        <w>מִן־</w>
        <w>הַמָּקוֹם֙</w>
        <w>אֲשֶׁ֣ר</w>
        <w>הָיְתָה־</w>
        <w>שָׁ֔מָּה</w>
        <w>וּשְׁתֵּ֥י</w>
        <w>כַלֹּתֶ֖יהָ</w>
        <w>עִמָּ֑הּ</w>
        <w>וַתֵּלַ֣כְנָה</w>
        <w>בַדֶּ֔רֶךְ</w>
        <w>לָשׁ֖וּב</w>
        <w>אֶל־</w>
        <w>אֶ֥רֶץ</w>
        <w>יְהוּדָֽה׃</w>
      </v>
      <v n="8">
        <w>וַתֹּ֤אמֶר</w>
        <w>נָעֳמִי֙</w>
        <w>לִשְׁתֵּ֣י</w>
        <w>כַלֹּתֶ֔יהָ</w>
        <w>לֵ֣כְנָה</w>
        <w>שֹּׁ֔בְנָה</w>
        <w>אִשָּׁ֖ה</w>
        <w>לְבֵ֣ית</w>
        <w>אִמָּ֑הּ</w>
        <k>יעשה</k>
        <q>יַ֣עַשׂ</q>
        <w>יְהוָ֤ה</w>
        <w>עִמָּכֶם֙</w>
        <w>חֶ֔סֶד</w>
        <w>כַּאֲשֶׁ֧ר</w>
        <w>עֲשִׂיתֶ֛ם</w>
        <w>עִם־</w>
        <w>הַמֵּתִ֖ים</w>
        <w>וְעִמָּדִֽי׃</w>
      </v>
      <v n="9">
        <w>יִתֵּ֤ן</w>
        <w>יְהוָה֙</w>
        <w>לָכֶ֔ם</w>
        <w>וּמְצֶ֣אןָ</w>
        <w>מְנוּחָ֔ה</w>
        <w>אִשָּׁ֖ה</w>
        <w>בֵּ֣ית</w>
        <w>אִישָׁ֑הּ</w>
        <w>וַתִּשַּׁ֣ק</w>
        <w>לָהֶ֔ן</w>
        <w>וַתִּשֶּׂ֥אנָה</w>
        <w>קוֹלָ֖ן</w>
        <w>וַתִּבְכֶּֽינָה׃</w>
      </v>
      <v n="10">
        <w>וַתֹּאמַ֖רְנָה־</w>
        <w>לָּ֑הּ</w>
        <w>כִּי־</w>
        <w>אִתָּ֥ךְ</w>
        <w>נָשׁ֖וּב</w>
        <w>לְעַמֵּֽךְ׃</w>
      </v>
      <v n="11">
        <w>וַתֹּ֤אמֶר</w>
        <w>נָעֳמִי֙</w>
        <w>שֹׁ֣בְנָה</w>
        <w>בְנֹתַ֔י</w>
        <w>לָ֥מָּה</w>
        <w>תֵלַ֖כְנָה</w>
        <w>עִמִּ֑י</w>
        <w>הַֽעֽוֹד־</w>
        <w>לִ֤י</w>
        <w>בָנִים֙</w>
        <w>בְּֽמֵעַ֔י</w>
        <w>וְהָי֥וּ</w>
        <w>לָכֶ֖ם</w>
        <w>לַאֲנָשִֽׁים׃</w>
      </v>
      <v n="12">
        <w>שֹׁ֤בְנָה</w>
        <w>בְנֹתַי֙</w>
        <w>לֵ֔כְןָ</w>
        <w>כִּ֥י</w>
        <w>זָקַ֖נְתִּי</w>
        <w>מִהְי֣וֹת</w>
        <w>לְאִ֑ישׁ</w>
        <w>כִּ֤י</w>
        <w>אָמַ֙רְתִּי֙</w>
        <w>יֶשׁ־</w>
        <w>לִ֣י</w>
        <w>תִקְוָ֔ה</w>
        <w>גַּ֣ם</w>
        <w>הָיִ֤יתִי</w>
        <w>הַלַּ֙יְלָה֙</w>
        <w>לְאִ֔ישׁ</w>
        <w>וְגַ֖ם</w>
        <w>יָלַ֥דְתִּי</w>
        <w>בָנִֽים׃</w>
      </v>
      <v n="13">
        <w>הֲלָהֵ֣ן ׀</w>
        <w>תְּשַׂבֵּ֗רְנָה</w>
        <w>עַ֚ד</w>
        <w>אֲשֶׁ֣ר</w>
        <w>יִגְדָּ֔לוּ</w>
        <w>הֲלָהֵן֙</w>
        <w>תֵּֽעָגֵ֔נָה</w>
        <w>לְבִלְתִּ֖י</w>
        <w>הֱי֣וֹת</w>
        <w>לְאִ֑ישׁ</w>
        <w>אַ֣ל</w>
        <w>בְּנֹתַ֗י</w>
        <w>כִּֽי־</w>
        <w>מַר־</w>
        <w>לִ֤י</w>
        <w>מְאֹד֙</w>
        <w>מִכֶּ֔ם</w>
        <w>כִּֽי־</w>
        <w>יָצְאָ֥ה</w>
        <w>בִ֖י</w>
        <w>יַד־</w>
        <w>יְהוָֽה׃</w>
      </v>
      <v n="14">
        <w>וַתִּשֶּׂ֣נָה</w>
        <w>קוֹלָ֔ן</w>
        <w>וַתִּבְכֶּ֖ינָה</w>
        <w>ע֑וֹד</w>
        <w>וַתִּשַּׁ֤ק</w>
        <w>עָרְפָּה֙</w>
        <w>לַחֲמוֹתָ֔הּ</w>
        <w>וְר֖וּת</w>
        <w>דָּ֥בְקָה</w>
        <w>בָּֽהּ׃</w>
      </v>
      <v n="15">
        <w>וַתֹּ֗אמֶר</w>
        <w>הִנֵּה֙</w>
        <w>שָׁ֣בָה</w>
        <w>יְבִמְתֵּ֔ךְ</w>
        <w>אֶל־</w>
        <w>עַמָּ֖הּ</w>
        <w>וְאֶל־</w>
        <w>אֱלֹהֶ֑יהָ</w>
        <w>שׁ֖וּבִי</w>
        <w>אַחֲרֵ֥י</w>
        <w>יְבִמְתֵּֽךְ׃</w>
      </v>
      <v n="16">
        <w>וַתֹּ֤אמֶר</w>
        <w>רוּת֙</w>
        <w>אַל־</w>
        <w>תִּפְגְּעִי־</w>
        <w>בִ֔י</w>
        <w>לְעָזְבֵ֖ךְ</w>
        <w>לָשׁ֣וּב</w>
        <w>מֵאַחֲרָ֑יִךְ</w>
        <w>כִּ֠י</w>
        <w>אֶל־</w>
        <w>אֲשֶׁ֨ר</w>
        <w>תֵּלְכִ֜י</w>
        <w>אֵלֵ֗ךְ</w>
        <w>וּבַאֲשֶׁ֤ר</w>
        <w>תָּלִ֙ינִי֙</w>
        <w>אָלִ֔ין</w>
        <w>עַמֵּ֣ךְ</w>
        <w>עַמִּ֔י</w>
        <w>וֵאלֹהַ֖יִךְ</w>
        <w>אֱלֹהָֽי׃</w>
      </v>
      <v n="17">
        <w>בַּאֲשֶׁ֤ר</w>
        <w>תָּמ֙וּתִי֙</w>
        <w>אָמ֔וּת</w>
        <w>וְשָׁ֖ם</w>
        <w>אֶקָּבֵ֑ר</w>
        <w>כֹּה֩</w>
        <w>יַעֲשֶׂ֨ה</w>
        <w>יְהוָ֥ה</w>
        <w>לִי֙</w>
        <w>וְכֹ֣ה</w>
        <w>יֹסִ֔יף</w>
        <w>כִּ֣י</w>
        <w>הַמָּ֔וֶת</w>
        <w>יַפְרִ֖יד</w>
        <w>בֵּינִ֥י</w>
        <w>וּבֵינֵֽךְ׃</w>
      </v>
      <v n="18">
        <w>וַתֵּ֕רֶא</w>
        <w>כִּֽי־</w>
        <w>מִתְאַמֶּ֥צֶת</w>
        <w>הִ֖יא</w>
        <w>לָלֶ֣כֶת</w>
        <w>אִתָּ֑הּ</w>
        <w>וַתֶּחְדַּ֖ל</w>
        <w>לְדַבֵּ֥ר</w>
        <w>אֵלֶֽיהָ׃</w>
      </v>
      <v n="19">
        <w>וַתֵּלַ֣כְנָה</w>
        <w>שְׁתֵּיהֶ֔ם</w>
        <w>עַד־</w>
        <w>בֹּאָ֖נָה</w>
        <w>בֵּ֣ית</w>
        <w>לָ֑חֶם</w>
        <w>וַיְהִ֗י</w>
        <w>כְּבֹאָ֙נָה֙</w>
        <w>בֵּ֣ית</w>
        <w>לֶ֔חֶם</w>
        <w>וַתֵּהֹ֤ם</w>
        <w>כָּל־</w>
        <w>הָעִיר֙</w>
        <w>עֲלֵיהֶ֔ן</w>
        <w>וַתֹּאמַ֖רְנָה</w>
        <w>הֲזֹ֥את</w>
        <w>נָעֳמִֽי׃</w>
      </v>
      <v n="20">
        <w>וַתֹּ֣אמֶר</w>
        <w>אֲלֵיהֶ֔ן</w>
        <w>אַל־</w>
        <w>תִּקְרֶ֥אנָה</w>
        <w>לִ֖י</w>
        <w>נָעֳמִ֑י</w>
        <w>קְרֶ֤אןָ</w>
        <w>לִי֙</w>
        <w>מָרָ֔א</w>
        <w>כִּי־</w>
        <w>הֵמַ֥ר</w>
        <w>שַׁדַּ֛י</w>
        <w>לִ֖י</w>
        <w>מְאֹֽד׃</w>
      </v>
      <v n="21">
        <w>אֲנִי֙</w>
        <w>מְלֵאָ֣ה</w>
        <w>הָלַ֔כְתִּי</w>
        <w>וְרֵיקָ֖ם</w>
        <w>הֱשִׁיבַ֣נִי</w>
        <w>יְהוָ֑ה</w>
        <w>לָ֣מָּה</w>
        <w>תִקְרֶ֤אנָה</w>
        <w>לִי֙</w>
        <w>נָעֳמִ֔י</w>
        <w>וַֽיהוָה֙</w>
        <w>עָ֣נָה</w>
        <w>בִ֔י</w>
        <w>וְשַׁדַּ֖י</w>
        <w>הֵ֥רַֽע</w>
        <w>לִֽי׃</w>
      </v>
      <v n="22">
        <w>וַתָּ֣שָׁב</w>
        <w>נָעֳמִ֗י</w>
        <w>וְר֨וּת</w>
        <w>הַמּוֹאֲבִיָּ֤ה</w>
        <w>כַלָּתָהּ֙</w>
        <w>עִמָּ֔הּ</w>
        <w>הַשָּׁ֖בָה</w>
        <w>מִשְּׂדֵ֣י</w>
        <w>מוֹאָ֑ב</w>
        <w>וְהֵ֗מָּה</w>
        <w>בָּ֚אוּ</w>
        <w>בֵּ֣ית</w>
        <w>לֶ֔חֶם</w>
        <w>בִּתְחִלַּ֖ת</w>
        <w>קְצִ֥יר</w>
        <w>שְׂעֹרִֽים׃</w>
      </v>
      <vs>22</vs>
    </c>
    <c n="2">
      <v n="1">
        <w>וּֽלְנָעֳמִ֞י</w>
        <k>מידע</k>
        <q>מוֹדַ֣ע</q>
        <w>לְאִישָׁ֗הּ</w>
        <w>אִ֚ישׁ</w>
        <w>גִּבּ֣וֹר</w>
        <w>חַ֔יִל</w>
        <w>מִמִּשְׁפַּ֖חַת</w>
        <w>אֱלִימֶ֑לֶךְ</w>
        <w>וּשְׁמ֖וֹ</w>
        <w>בֹּֽעַז׃</w>
      </v>
      <v n="2">
        <w>וַתֹּאמֶר֩</w>
        <w>ר֨וּת</w>
        <w>הַמּוֹאֲבִיָּ֜ה</w>
        <w>אֶֽל־</w>
        <w>נָעֳמִ֗י</w>
        <w>אֵֽלְכָה־</w>
        <w>נָּ֤א</w>
        <w>הַשָּׂדֶה֙</w>
        <w>וַאֲלַקֳטָּ֣ה</w>
        <w>בַשִׁבֳּלִ֔ים</w>
        <w>אַחַ֕ר</w>
        <w>אֲשֶׁ֥ר</w>
        <w>אֶמְצָא־</w>
        <w>חֵ֖ן</w>
        <w>בְּעֵינָ֑יו</w>
        <w>וַתֹּ֥אמֶר</w>
        <w>לָ֖הּ</w>
        <w>לְכִ֥י</w>
        <w>בִתִּֽי׃</w>
      </v>
      <v n="3">
        <w>וַתֵּ֤לֶךְ</w>
        <w>וַתָּבוֹא֙</w>
        <w>וַתְּלַקֵּ֣ט</w>
        <w>בַּשָּׂדֶ֔ה</w>
        <w>אַחֲרֵ֖י</w>
        <w>הַקֹּצְרִ֑ים</w>
        <w>וַיִּ֣קֶר</w>
        <w>מִקְרֶ֔הָ</w>
        <w>חֶלְקַ֤ת</w>
        <w>הַשָּׂדֶה֙</w>
        <w>לְבֹ֔עַז</w>
        <w>אֲשֶׁ֖ר</w>
        <w>מִמִּשְׁפַּ֥חַת</w>
        <w>אֱלִימֶֽלֶךְ׃</w>
      </v>
      <v n="4">
        <w>וְהִנֵּה־</w>
        <w>בֹ֗עַז</w>
        <w>בָּ֚א</w>
        <w>מִבֵּ֣ית</w>
        <w>לֶ֔חֶם</w>
        <w>וַיֹּ֥אמֶר</w>
        <w>לַקּוֹצְרִ֖ים</w>
        <w>יְהוָ֣ה</w>
        <w>עִמָּכֶ֑ם</w>
        <w>וַיֹּ֥אמְרוּ</w>
        <w>ל֖וֹ</w>
        <w>יְבָרֶכְךָ֥</w>
        <w>יְהוָֽה׃</w>
      </v>
      <v n="5">
        <w>וַיֹּ֤אמֶר</w>
        <w>בֹּ֙עַז֙</w>
        <w>לְנַעֲר֔וֹ</w>
        <w>הַנִּצָּ֖ב</w>
        <w>עַל־</w>
        <w>הַקּֽוֹצְרִ֑ים</w>
        <w>לְמִ֖י</w>
        <w>הַנַּעֲרָ֥ה</w>
        <w>הַזֹּֽאת׃</w>
      </v>
      <v n="6">
        <w>וַיַּ֗עַן</w>
        <w>הַנַּ֛עַר</w>
        <w>הַנִּצָּ֥ב</w>
        <w>עַל־</w>
        <w>הַקּוֹצְרִ֖ים</w>
        <w>וַיֹּאמַ֑ר</w>
        <w>נַעֲרָ֤ה</w>
        <w>מֽוֹאֲבִיָּה֙</w>
        <w>הִ֔יא</w>
        <w>הַשָּׁ֥בָה</w>
        <w>עִֽם־</w>
        <w>נָעֳמִ֖י</w>
        <w>מִשְּׂדֵ֥ה</w>
        <w>מוֹאָֽב׃</w>
      </v>
      <v n="7">
        <w>וַתֹּ֗אמֶר</w>
        <w>אֲלַקֳטָה־</w>
        <w>נָּא֙</w>
        <w>וְאָסַפְתִּ֣י</w>
        <w>בָֽעֳמָרִ֔ים</w>
        <w>אַחֲרֵ֖י</w>
        <w>הַקּוֹצְרִ֑ים</w>
        <w>וַתָּב֣וֹא</w>
        <w>וַֽתַּעֲמ֗וֹד</w>
        <w>מֵאָ֤ז</w>
        <w>הַבֹּ֙קֶר֙</w>
        <w>וְעַד־</w>
        <w>עַ֔תָּה</w>
        <w>זֶ֛ה</w>
        <w>שִׁבְתָּ֥הּ</w>
        <w>הַבַּ֖יִת</w>
        <w>מְעָֽט׃</w>
      </v>
      <v n="8">
        <w>וַיֹּאמֶר֩</w>
        <w>בֹּ֨עַז</w>
        <w>אֶל־</w>
        <w>ר֜וּת</w>
        <w>הֲל֧וֹא</w>
        <w>שָׁמַ֣עַתְּ</w>
        <w>בִּתִּ֗י</w>
        <w>אַל־</w>
        <w>תֵּלְכִי֙</w>
        <w>לִלְקֹט֙</w>
        <w>בְּשָׂדֶ֣ה</w>
        <w>אַחֵ֔ר</w>
        <w>וְגַ֛ם</w>
        <w>לֹ֥א</w>
        <w>תַעֲבוּרִ֖י</w>
        <w>מִזֶּ֑ה</w>
        <w>וְכֹ֥ה</w>
        <w>תִדְבָּקִ֖ין</w>
        <w>עִם־</w>
        <w>נַעֲרֹתָֽי׃</w>
      </v>
      <v n="9">
        <w>עֵינַ֜יִךְ</w>
        <w>בַּשָּׂדֶ֤ה</w>
        <w>אֲשֶׁר־</w>
        <w>יִקְצֹרוּן֙</w>
        <w>וְהָלַ֣כְתִּ</w>
        <w>אַחֲרֵיהֶ֔ן</w>
        <w>הֲל֥וֹא</w>
        <w>צִוִּ֛יתִי</w>
        <w>אֶת־</w>
        <w>הַנְּעָרִ֖ים</w>
        <w>לְבִלְתִּ֣י</w>
        <w>נָגְעֵ֑ךְ</w>
        <w>וְצָמִ֗ת</w>
        <w>וְהָלַכְתְּ֙</w>
        <w>אֶל־</w>
        <w>הַכֵּלִ֔ים</w>
        <w>וְשָׁתִ֕ית</w>
        <w>מֵאֲשֶׁ֥ר</w>
        <w>יִשְׁאֲב֖וּן</w>
        <w>הַנְּעָרִֽים׃</w>
      </v>
      <v n="10">
        <w>וַתִּפֹּל֙</w>
        <w>עַל־</w>
        <w>פָּנֶ֔יהָ</w>
        <w>וַתִּשְׁתַּ֖חוּ</w>
        <w>אָ֑רְצָה</w>
        <w>וַתֹּ֣אמֶר</w>
        <w>אֵלָ֗יו</w>
        <w>מַדּוּעַ֩</w>
        <w>מָצָ֨אתִי</w>
        <w>חֵ֤ן</w>
        <w>בְּעֵינֶ֙יךָ֙</w>
        <w>לְהַכִּירֵ֔נִי</w>
        <w>וְאָּנֹכִ֖י</w>
        <w>נָכְרִיָּֽה׃</w>
      </v>
      <v n="11">
        <w>וַיַּ֤עַן</w>
        <w>בֹּ֙עַז֙</w>
        <w>וַיֹּ֣אמֶר</w>
        <w>לָ֔הּ</w>
        <w>הֻגֵּ֨ד</w>
        <w>הֻגַּ֜ד</w>
        <w>לִ֗י</w>
        <w>כֹּ֤ל</w>
        <w>אֲשֶׁר־</w>
        <w>עָשִׂית֙</w>
        <w>אֶת־</w>
        <w>חֲמוֹתֵ֔ךְ</w>
        <w>אַחֲרֵ֖י</w>
        <w>מ֣וֹת</w>
        <w>אִישֵׁ֑ךְ</w>
        <w>וַתַּֽעַזְבִ֞י</w>
        <w>אָּבִ֣יךְ</w>
        <w>וְאִמֵּ֗ךְ</w>
        <w>וְאֶ֙רֶץ֙</w>
        <w>מֽוֹלַדְתֵּ֔ךְ</w>
        <w>וַתֵּ֣לְכִ֔י</w>
        <w>אֶל־</w>
        <w>עַ֕ם</w>
        <w>אֲשֶׁ֥ר</w>
        <w>לֹא־</w>
        <w>יָדַ֖עַתְּ</w>
        <w>תְּמ֥וֹל</w>
        <w>שִׁלְשֽׁוֹם׃</w>
      </v>
      <v n="12">
        <w>יְשַׁלֵּ֥ם</w>
        <w>יְהוָ֖ה</w>
        <w>פָּעֳלֵ֑ךְ</w>
        <w>וּתְהִ֨י</w>
        <w>מַשְׂכֻּרְתֵּ֜ךְ</w>
        <w>שְׁלֵמָ֗ה</w>
        <w>מֵעִ֤ם</w>
        <w>יְהוָה֙</w>
        <w>אֱלֹהֵ֣י</w>
        <w>יִשְׂרָאֵ֔ל</w>
        <w>אֲשֶׁר־</w>
        <w>בָּ֖את</w>
        <w>לַחֲס֥וֹת</w>
        <w>תַּֽחַת־</w>
        <w>כְּנָפָֽיו׃</w>
      </v>
      <v n="13">
        <w>וַ֠תֹּאמֶר</w>
        <w>אֶמְצָא־</w>
        <w>חֵ֨ן</w>
        <w>בְּעֵינֶ֤יךָ</w>
        <w>אֲדֹנִי֙</w>
        <w>כִּ֣י</w>
        <w>נִֽחַמְתָּ֔נִי</w>
        <w>וְכִ֥י</w>
        <w>דִבַּ֖רְתָּ</w>
        <w>עַל־</w>
        <w>לֵ֣ב</w>
        <w>שִׁפְחָתֶ֑ךָ</w>
        <w>וְאָנֹכִי֙</w>
        <w>לֹ֣א</w>
        <w>אֶֽהְיֶ֔ה</w>
        <w>כְּאַחַ֖ת</w>
        <w>שִׁפְחֹתֶֽיךָ׃</w>
      </v>
      <v n="14">
        <w>וַיֹּאמֶר֩</w>
        <w>לָ֨ה</w>
        <w>בֹ֜עַז</w>
        <w>לְעֵ֣ת</w>
        <w>הָאֹ֗כֶל</w>
        <w>גֹּ֤שִֽׁי</w>
        <w>הֲלֹם֙</w>
        <w>וְאָכַ֣לְתְּ</w>
        <w>מִן־</w>
        <w>הַלֶּ֔חֶם</w>
        <w>וְטָבַ֥לְתְּ</w>
        <w>פִּתֵּ֖ךְ</w>
        <w>בַּחֹ֑מֶץ</w>
        <w>וַתֵּ֙שֶׁב֙</w>
        <w>מִצַּ֣ד</w>
        <w>הַקּֽוֹצְרִ֔ים</w>
        <w>וַיִּצְבָּט־</w>
        <w>לָ֣הּ</w>
        <w>קָלִ֔י</w>
        <w>וַתֹּ֥אכַל</w>
        <w>וַתִּשְׂבַּ֖ע</w>
        <w>וַתֹּתַֽר׃</w>
      </v>
      <v n="15">
        <w>וַתָּ֖קָם</w>
        <w>לְלַקֵּ֑ט</w>
        <w>וַיְצַו֩</w>
        <w>בֹּ֨עַז</w>
        <w>אֶת־</w>
        <w>נְעָרָ֜יו</w>
        <w>לֵאמֹ֗ר</w>
        <w>גַּ֣ם</w>
        <w>בֵּ֧ין</w>
        <w>הָֽעֳמָרִ֛ים</w>
        <w>תְּלַקֵּ֖ט</w>
        <w>וְלֹ֥א</w>
        <w>תַכְלִימֽוּהָ׃</w>
      </v>
      <v n="16">
        <w>וְגַ֛ם</w>
        <w>שֹׁל־</w>
        <w>תָּשֹׁ֥לּוּ</w>
        <w>לָ֖הּ</w>
        <w>מִן־</w>
        <w>הַצְּבָתִ֑ים</w>
        <w>וַעֲזַבְתֶּ֥ם</w>
        <w>וְלִקְּטָ֖ה</w>
        <w>וְלֹ֥א</w>
        <w>תִגְעֲרוּ־</w>
        <w>בָֽהּ׃</w>
      </v>
      <v n="17">
        <w>וַתְּלַקֵּ֥ט</w>
        <w>בַּשָּׂדֶ֖ה</w>
        <w>עַד־</w>
        <w>הָעָ֑רֶב</w>
        <w>וַתַּחְבֹּט֙</w>
        <w>אֵ֣ת</w>
        <w>אֲשֶׁר־</w>
        <w>לִקֵּ֔טָה</w>
        <w>וַיְהִ֖י</w>
        <w>כְּאֵיפָ֥ה</w>
        <w>שְׂעֹרִֽים׃</w>
      </v>
      <v n="18">
        <w>וַתִּשָּׂא֙</w>
        <w>וַתָּב֣וֹא</w>
        <w>הָעִ֔יר</w>
        <w>וַתֵּ֥רֶא</w>
        <w>חֲמוֹתָ֖הּ</w>
        <w>אֵ֣ת</w>
        <w>אֲשֶׁר־</w>
        <w>לִקֵּ֑טָה</w>
        <w>וַתּוֹצֵא֙</w>
        <w>וַתִּתֶּן־</w>
        <w>לָ֔הּ</w>
        <w>אֵ֥ת</w>
        <w>אֲשֶׁר־</w>
        <w>הוֹתִ֖רָה</w>
        <w>מִשָּׂבְעָֽהּ׃</w>
      </v>
      <v n="19">
        <w>וַתֹּאמֶר֩</w>
        <w>לָ֨הּ</w>
        <w>חֲמוֹתָ֜הּ</w>
        <w>אֵיפֹ֨ה</w>
        <w>לִקַּ֤טְתְּ</w>
        <w>הַיּוֹם֙</w>
        <w>וְאָ֣נָה</w>
        <w>עָשִׂ֔ית</w>
        <w>יְהִ֥י</w>
        <w>מַכִּירֵ֖ךְ</w>
        <w>בָּר֑וּךְ</w>
        <w>וַתַּגֵּ֣ד</w>
        <w>לַחֲמוֹתָ֗הּ</w>
        <w>אֵ֤ת</w>
        <w>אֲשֶׁר־</w>
        <w>עָשְׂתָה֙</w>
        <w>עִמּ֔וֹ</w>
        <w>וַתֹּ֗אמֶר</w>
        <w>שֵׁ֤ם</w>
        <w>הָאִישׁ֙</w>
        <w>אֲשֶׁ֨ר</w>
        <w>עָשִׂ֧יתִי</w>
        <w>עִמּ֛וֹ</w>
        <w>הַיּ֖וֹם</w>
        <w>בֹּֽעַז׃</w>
      </v>
      <v n="20">
        <w>וַתֹּ֨אמֶר</w>
        <w>נָעֳמִ֜י</w>
        <w>לְכַלָּתָ֗הּ</w>
        <w>בָּר֥וּךְ</w>
        <w>הוּא֙</w>
        <w>לַיהוָ֔ה</w>
        <w>אֲשֶׁר֙</w>
        <w>לֹא־</w>
        <w>עָזַ֣ב</w>
        <w>חַסְדּ֔וֹ</w>
        <w>אֶת־</w>
        <w>הַחַיִּ֖ים</w>
        <w>וְאֶת־</w>
        <w>הַמֵּתִ֑ים</w>
        <w>וַתֹּ֧אמֶר</w>
        <w>לָ֣הּ</w>
        <w>נָעֳמִ֗י</w>
        <w>קָר֥וֹב</w>
        <w>לָ֙נוּ֙</w>
        <w>הָאִ֔ישׁ</w>
        <w>מִֽגֹּאֲלֵ֖נוּ</w>
        <w>הֽוּא׃</w>
      </v>
      <v n="21">
        <w>וַתֹּ֖אמֶר</w>
        <w>ר֣וּת</w>
        <w>הַמּוֹאֲבִיָּ֑ה</w>
        <w>גַּ֣ם ׀</w>
        <w>כִּי־</w>
        <w>אָמַ֣ר</w>
        <w>אֵלַ֗י</w>
        <w>עִם־</w>
        <w>הַנְּעָרִ֤ים</w>
        <w>אֲשֶׁר־</w>
        <w>לִי֙</w>
        <w>תִּדְבָּקִ֔ין</w>
        <w>עַ֣ד</w>
        <w>אִם־</w>
        <w>כִּלּ֔וּ</w>
        <w>אֵ֥ת</w>
        <w>כָּל־</w>
        <w>הַקָּצִ֖יר</w>
        <w>אֲשֶׁר־</w>
        <w>לִֽי׃</w>
      </v>
      <v n="22">
        <w>וַתֹּ֥אמֶר</w>
        <w>נָעֳמִ֖י</w>
        <w>אֶל־</w>
        <w>ר֣וּת</w>
        <w>כַּלָּתָ֑הּ</w>
        <w>ט֣וֹב</w>
        <w>בִּתִּ֗י</w>
        <w>כִּ֤י</w>
        <w>תֵֽצְאִי֙</w>
        <w>עִם־</w>
        <w>נַ֣עֲרוֹתָ֔יו</w>
        <w>וְלֹ֥א</w>
        <w>יִפְגְּעוּ־</w>
        <w>בָ֖ךְ</w>
        <w>בְּשָׂדֶ֥ה</w>
        <w>אַחֵֽר׃</w>
      </v>
      <v n="23">
        <w>וַתִּדְבַּ֞ק</w>
        <w>בְּנַעֲר֥וֹת</w>
        <w>בֹּ֙עַז֙</w>
        <w>לְלַקֵּ֔ט</w>
        <w>עַד־</w>
        <w>כְּל֥וֹת</w>
        <w>קְצִֽיר־</w>
        <w>הַשְּׂעֹרִ֖ים</w>
        <w>וּקְצִ֣יר</w>
        <w>הַֽחִטִּ֑ים</w>
        <w>וַתֵּ֖שֶׁב</w>
        <w>אֶת־</w>
        <w>חֲמוֹתָֽהּ׃</w>
      </v>
      <vs>23</vs>
    </c>
    <c n="3">
      <v n="1">
        <w>וַתֹּ֥אמֶר</w>
        <w>לָ֖הּ</w>
        <w>נָעֳמִ֣י</w>
        <w>חֲמוֹתָ֑הּ</w>
        <w>בִּתִּ֞י</w>
        <w>הֲלֹ֧א</w>
        <w>אֲבַקֶּשׁ־</w>
        <w>לָ֛ךְ</w>
        <w>מָנ֖וֹחַ</w>
        <w>אֲשֶׁ֥ר</w>
        <w>יִֽיטַב־</w>
        <w>לָֽךְ׃</w>
      </v>
      <v n="2">
        <w>וְעַתָּ֗ה</w>
        <w>הֲלֹ֥א</w>
        <w>בֹ֙עַז֙</w>
        <w>מֹֽדַעְתָּ֔נוּ</w>
        <w>אֲשֶׁ֥ר</w>
        <w>הָיִ֖ית</w>
        <w>אֶת־</w>
        <w>נַעֲרוֹתָ֑יו</w>
        <w>הִנֵּה־</w>
        <w>ה֗וּא</w>
        <w>זֹרֶ֛ה</w>
        <w>אֶת־</w>
        <w>גֹּ֥רֶן</w>
        <w>הַשְּׂעֹרִ֖ים</w>
        <w>הַלָּֽיְלָה׃</w>
      </v>
      <v n="3">
        <w>וְרָחַ֣צְתְּ ׀</w>
        <w>וָסַ֗כְתְּ</w>
        <w>וְשַׂ֧מְתְּ</w>
        <k>שמלתך</k>
        <q>שִׂמְלֹתַ֛יִךְ</q>
        <w>עָלַ֖יִךְ</w>
        <k>וירדתי</k>
        <q>וְיָרַ֣דְתְּ</q>
        <w>הַגֹּ֑רֶן</w>
        <w>אַל־</w>
        <w>תִּוָּדְעִ֣י</w>
        <w>לָאִ֔ישׁ</w>
        <w>עַ֥ד</w>
        <w>כַּלֹּת֖וֹ</w>
        <w>לֶאֱכֹ֥ל</w>
        <w>וְלִשְׁתּֽוֹת׃</w>
      </v>
      <v n="4">
        <w>וִיהִ֣י</w>
        <w>בְשָׁכְב֗וֹ</w>
        <w>וְיָדַ֙עַתְּ֙</w>
        <w>אֶת־</w>
        <w>הַמָּקוֹם֙</w>
        <w>אֲשֶׁ֣ר</w>
        <w>יִשְׁכַּב־</w>
        <w>שָׁ֔ם</w>
        <w>וּבָ֛את</w>
        <w>וְגִלִּ֥ית</w>
        <w>מַרְגְּלֹתָ֖יו</w>
        <k>ושכבתי</k>
        <q>וְשָׁכָ֑בְתְּ</q>
        <w>וְהוּא֙</w>
        <w>יַגִּ֣יד</w>
        <w>לָ֔ךְ</w>
        <w>אֵ֖ת</w>
        <w>אֲשֶׁ֥ר</w>
        <w>תַּעַשִֽׂין׃</w>
      </v>
      <v n="5">
        <w>וַתֹּ֖אמֶר</w>
        <w>אֵלֶ֑יהָ</w>
        <w>כֹּ֛ל</w>
        <w>אֲשֶׁר־</w>
        <w>תֹּאמְרִ֥י</w>
        <q>אֵלַ֖י</q>
        <w>אֶֽעֱשֶֽׂה׃</w>
      </v>
      <v n="6">
        <w>וַתֵּ֖רֶד</w>
        <w>הַגֹּ֑רֶן</w>
        <w>וַתַּ֕עַשׂ</w>
        <w>כְּכֹ֥ל</w>
        <w>אֲשֶׁר־</w>
        <w>צִוַּ֖תָּה</w>
        <w>חֲמוֹתָֽהּ׃</w>
      </v>
      <v n="7">
        <w>וַיֹּ֨אכַל</w>
        <w>בֹּ֤עַז</w>
        <w>וַיֵּשְׁתְּ֙</w>
        <w>וַיִּיטַ֣ב</w>
        <w>לִבּ֔וֹ</w>
        <w>וַיָּבֹ֕א</w>
        <w>לִשְׁכַּ֖ב</w>
        <w>בִּקְצֵ֣ה</w>
        <w>הָעֲרֵמָ֑ה</w>
        <w>וַתָּבֹ֣א</w>
        <w>בַלָּ֔ט</w>
        <w>וַתְּגַ֥ל</w>
        <w>מַרְגְּלֹתָ֖יו</w>
        <w>וַתִּשְׁכָּֽב׃</w>
      </v>
      <v n="8">
        <w>וַיְהִי֙</w>
        <w>בַּחֲצִ֣י</w>
        <w>הַלַּ֔יְלָה</w>
        <w>וַיֶּחֱרַ֥ד</w>
        <w>הָאִ֖ישׁ</w>
        <w>וַיִּלָּפֵ֑ת</w>
        <w>וְהִנֵּ֣ה</w>
        <w>אִשָּׁ֔ה</w>
        <w>שֹׁכֶ֖בֶת</w>
        <w>מַרְגְּלֹתָֽיו׃</w>
      </v>
      <v n="9">
        <w>וַיֹּ֖אמֶר</w>
        <w>מִי־</w>
        <w>אָ֑תּ</w>
        <w>וַתֹּ֗אמֶר</w>
        <w>אָנֹכִי֙</w>
        <w>ר֣וּת</w>
        <w>אֲמָתֶ֔ךָ</w>
        <w>וּפָרַשְׂתָּ֤</w>
        <w>כְנָפֶ֙ךָ֙</w>
        <w>עַל־</w>
        <w>אֲמָ֣תְךָ֔</w>
        <w>כִּ֥י</w>
        <w>גֹאֵ֖ל</w>
        <w>אָֽתָּה׃</w>
      </v>
      <v n="10">
        <w>וַיֹּ֗אמֶר</w>
        <w>בְּרוּכָ֨ה</w>
        <w>אַ֤תְּ</w>
        <w>לַֽיהוָה֙</w>
        <w>בִּתִּ֔י</w>
        <w>הֵיטַ֛בְתְּ</w>
        <w>חַסְדֵּ֥ךְ</w>
        <w>הָאַחֲר֖וֹן</w>
        <w>מִן־</w>
        <w>הָרִאשׁ֑וֹן</w>
        <w>לְבִלְתִּי־</w>
        <w>לֶ֗כֶת</w>
        <w>אַחֲרֵי֙</w>
        <w>הַבַּ֣חוּרִ֔ים</w>
        <w>אִם־</w>
        <w>דַּ֖ל</w>
        <w>וְאִם־</w>
        <w>עָשִֽׁיר׃</w>
      </v>
      <v n="11">
        <w>וְעַתָּ֗ה</w>
        <w>בִּתִּי֙</w>
        <w>אַל־</w>
        <w>תִּ֣ירְאִ֔י</w>
        <w>כֹּ֥ל</w>
        <w>אֲשֶׁר־</w>
        <w>תֹּאמְרִ֖י</w>
        <w>אֶֽעֱשֶׂה־</w>
        <w>לָּ֑ךְ</w>
        <w>כִּ֤י</w>
        <w>יוֹדֵ֙עַ֙</w>
        <w>כָּל־</w>
        <w>שַׁ֣עַר</w>
        <w>עַמִּ֔י</w>
        <w>כִּ֛י</w>
        <w>אֵ֥שֶׁת</w>
        <w>חַ֖יִל</w>
        <w>אָֽתְּ׃</w>
      </v>
      <v n="12">
        <w>וְעַתָּה֙</w>
        <w>כִּ֣י</w>
        <w>אָמְנָ֔ם</w>
        <w>כִּ֥י</w>
        <k>אם</k>
        <w>גֹאֵ֖ל</w>
        <w>אָנֹ֑כִי</w>
        <w>וְגַ֛ם</w>
        <w>יֵ֥שׁ</w>
        <w>גֹּאֵ֖ל</w>
        <w>קָר֥וֹב</w>
        <w>מִמֶּֽנִּי׃</w>
      </v>
      <v n="13">
        <w>לִ֣ינִי ׀</w>
        <w>הַלַּ֗יְלָה</w>
        <w>וְהָיָ֤ה</w>
        <w>בַבֹּ֙קֶר֙</w>
        <w>אִם־</w>
        <w>יִגְאָלֵ֥ךְ</w>
        <w>טוֹב֙</w>
        <w>יִגְאָ֔ל</w>
        <w>וְאִם־</w>
        <w>לֹ֨א</w>
        <w>יַחְפֹּ֧ץ</w>
        <w>לְגָֽאֳלֵ֛ךְ</w>
        <w>וּגְאַלְתִּ֥יךְ</w>
        <w>אָנֹ֖כִי</w>
        <w>חַי־</w>
        <w>יְהוָ֑ה</w>
        <w>שִׁכְבִ֖י</w>
        <w>עַד־</w>
        <w>הַבֹּֽקֶר׃</w>
      </v>
      <v n="14">
        <w>וַתִּשְׁכַּ֤ב</w>
        <k>מרגלתו</k>
        <q>מַרְגְּלוֹתָיוֹ֙</q>
        <w>עַד־</w>
        <w>הַבֹּ֔קֶר</w>
        <w>וַתָּ֕קָם</w>
        <k>בטרום</k>
        <q>בְּטֶ֛רֶם</q>
        <w>יַכִּ֥יר</w>
        <w>אִ֖ישׁ</w>
        <w>אֶת־</w>
        <w>רֵעֵ֑הוּ</w>
        <w>וַיֹּ֙אמֶר֙</w>
        <w>אַל־</w>
        <w>יִוָּדַ֔ע</w>
        <w>כִּי־</w>
        <w>בָ֥אָה</w>
        <w>הָאִשָּׁ֖ה</w>
        <w>הַגֹּֽרֶן׃</w>
      </v>
      <v n="15">
        <w>וַיֹּ֗אמֶר</w>
        <w>הָ֠בִי</w>
        <w>הַמִּטְפַּ֧חַת</w>
        <w>אֲשֶׁר־</w>
        <w>עָלַ֛יִךְ</w>
        <w>וְאֶֽחֳזִי־</w>
        <w>בָ֖הּ</w>
        <w>וַתֹּ֣אחֶז</w>
        <w>בָּ֑הּ</w>
        <w>וַיָּ֤מָד</w>
        <w>שֵׁשׁ־</w>
        <w>שְׂעֹרִים֙</w>
        <w>וַיָּ֣שֶׁת</w>
        <w>עָלֶ֔יהָ</w>
        <w>וַיָּבֹ֖א</w>
        <w>הָעִֽיר׃</w>
      </v>
      <v n="16">
        <w>וַתָּבוֹא֙</w>
        <w>אֶל־</w>
        <w>חֲמוֹתָ֔הּ</w>
        <w>וַתֹּ֖אמֶר</w>
        <w>מִי־</w>
        <w>אַ֣תְּ</w>
        <w>בִּתִּ֑י</w>
        <w>וַתַּ֨גֶּד־</w>
        <w>לָ֔<x>t</x>הּ</w>
        <w>אֵ֛ת</w>
        <w>כָּל־</w>
        <w>אֲשֶׁ֥ר</w>
        <w>עָֽשָׂה־</w>
        <w>לָ֖הּ</w>
        <w>הָאִֽישׁ׃</w>
      </v>
      <v n="17">
        <w>וַתֹּ֕אמֶר</w>
        <w>שֵׁשׁ־</w>
        <w>הַשְּׂעֹרִ֥ים</w>
        <w>הָאֵ֖לֶּה</w>
        <w>נָ֣תַן</w>
        <w>לִ֑י</w>
        <w>כִּ֚י</w>
        <w>אָמַ֣ר</w>
        <q>אֵלַ֔י</q>
        <w>אַל־</w>
        <w>תָּב֥וֹאִי</w>
        <w>רֵיקָ֖ם</w>
        <w>אֶל־</w>
        <w>חֲמוֹתֵֽךְ׃</w>
      </v>
      <v n="18">
        <w>וַתֹּ֙אמֶר֙</w>
        <w>שְׁבִ֣י</w>
        <w>בִתִּ֔י</w>
        <w>עַ֚ד</w>
        <w>אֲשֶׁ֣ר</w>
        <w>תֵּֽדְעִ֔ין</w>
        <w>אֵ֖יךְ</w>
        <w>יִפֹּ֣ל</w>
        <w>דָּבָ֑ר</w>
        <w>כִּ֣י</w>
        <w>לֹ֤א</w>
        <w>יִשְׁקֹט֙</w>
        <w>הָאִ֔ישׁ</w>
        <w>כִּֽי־</w>
        <w>אִם־</w>
        <w>כִּלָּ֥ה</w>
        <w>הַדָּבָ֖ר</w>
        <w>הַיּֽוֹם׃</w>
      </v>
      <vs>18</vs>
    </c>
    <c n="4">
      <v n="1">
        <w>וּבֹ֨עַז</w>
        <w>עָלָ֣ה</w>
        <w>הַשַּׁעַר֮</w>
        <w>וַיֵּ֣שֶׁב</w>
        <w>שָׁם֒</w>
        <w>וְהִנֵּ֨ה</w>
        <w>הַגֹּאֵ֤ל</w>
        <w>עֹבֵר֙</w>
        <w>אֲשֶׁ֣ר</w>
        <w>דִּבֶּר־</w>
        <w>בֹּ֔עַז</w>
        <w>וַיֹּ֛אמֶר</w>
        <w>ס֥וּרָה</w>
        <w>שְׁבָה־</w>
        <w>פֹּ֖ה</w>
        <w>פְּלֹנִ֣י</w>
        <w>אַלְמֹנִ֑י</w>
        <w>וַיָּ֖סַר</w>
        <w>וַיֵּשֵֽׁב׃</w>
      </v>
      <v n="2">
        <w>וַיִּקַּ֞ח</w>
        <w>עֲשָׂרָ֧ה</w>
        <w>אֲנָשִׁ֛ים</w>
        <w>מִזִּקְנֵ֥י</w>
        <w>הָעִ֖יר</w>
        <w>וַיֹּ֣אמֶר</w>
        <w>שְׁבוּ־</w>
        <w>פֹ֑ה</w>
        <w>וַיֵּשֵֽׁבוּ׃</w>
      </v>
      <v n="3">
        <w>וַיֹּ֙אמֶר֙</w>
        <w>לַגֹּאֵ֔ל</w>
        <w>חֶלְקַת֙</w>
        <w>הַשָּׂדֶ֔ה</w>
        <w>אֲשֶׁ֥ר</w>
        <w>לְאָחִ֖ינוּ</w>
        <w>לֶאֱלִימֶ֑לֶךְ</w>
        <w>מָכְרָ֣ה</w>
        <w>נָעֳמִ֔י</w>
        <w>הַשָּׁ֖בָה</w>
        <w>מִשְּׂדֵ֥ה</w>
        <w>מוֹאָֽב׃</w>
      </v>
      <v n="4">
        <w>וַאֲנִ֨י</w>
        <w>אָמַ֜רְתִּי</w>
        <w>אֶגְלֶ֧ה</w>
        <w>אָזְנְךָ֣</w>
        <w>לֵאמֹ֗ר</w>
        <w>קְ֠נֵה</w>
        <w>נֶ֥גֶד</w>
        <w>הַֽיֹּשְׁבִים֮</w>
        <w>וְנֶ֣גֶד</w>
        <w>זִקְנֵ֣י</w>
        <w>עַמִּי֒</w>
        <w>אִם־</w>
        <w>תִּגְאַל֙</w>
        <w>גְּאָ֔ל</w>
        <w>וְאִם־</w>
        <w>לֹ֨א</w>
        <w>יִגְאַ֜ל</w>
        <w>הַגִּ֣ידָה</w>
        <w>לִּ֗י</w>
        <k>ואדע</k>
        <q>וְאֵֽדְעָה֙</q>
        <w>כִּ֣י</w>
        <w>אֵ֤ין</w>
        <w>זוּלָֽתְךָ֙</w>
        <w>לִגְא֔וֹל</w>
        <w>וְאָנֹכִ֖י</w>
        <w>אַחֲרֶ֑יךָ</w>
        <w>וַיֹּ֖אמֶר</w>
        <w>אָנֹכִ֥י</w>
        <w>אֶגְאָֽל׃</w>
      </v>
      <v n="5">
        <w>וַיֹּ֣אמֶר</w>
        <w>בֹּ֔עַז</w>
        <w>בְּיוֹם־</w>
        <w>קְנוֹתְךָ֥</w>
        <w>הַשָּׂדֶ֖ה</w>
        <w>מִיַּ֣ד</w>
        <w>נָעֳמִ֑י</w>
        <w>וּ֠מֵאֵת</w>
        <w>ר֣וּת</w>
        <w>הַמּוֹאֲבִיָּ֤ה</w>
        <w>אֵֽשֶׁת־</w>
        <w>הַמֵּת֙</w>
        <k>קניתי</k>
        <q>קָנִ֔יתָה</q>
        <w>לְהָקִ֥ים</w>
        <w>שֵׁם־</w>
        <w>הַמֵּ֖ת</w>
        <w>עַל־</w>
        <w>נַחֲלָתֽוֹ׃</w>
      </v>
      <v n="6">
        <w>וַיֹּ֣אמֶר</w>
        <w>הַגֹּאֵ֗ל</w>
        <w>לֹ֤א</w>
        <w>אוּכַל֙</w>
        <k>לגאול־</k>
        <q>לִגְאָל־</q>
        <w>לִ֔י</w>
        <w>פֶּן־</w>
        <w>אַשְׁחִ֖ית</w>
        <w>אֶת־</w>
        <w>נַחֲלָתִ֑י</w>
        <w>גְּאַל־</w>
        <w>לְךָ֤</w>
        <w>אַתָּה֙</w>
        <w>אֶת־</w>
        <w>גְּאֻלָּתִ֔י</w>
        <w>כִּ֥י</w>
        <w>לֹא־</w>
        <w>אוּכַ֖ל</w>
        <w>לִגְאֹֽל׃</w>
      </v>
      <v n="7">
        <w>וְזֹאת֩</w>
        <w>לְפָנִ֨ים</w>
        <w>בְּיִשְׂרָאֵ֜ל</w>
        <w>עַל־</w>
        <w>הַגְּאוּלָּ֤ה</w>
        <w>וְעַל־</w>
        <w>הַתְּמוּרָה֙</w>
        <w>לְקַיֵּ֣ם</w>
        <w>כָּל־</w>
        <w>דָּבָ֔ר</w>
        <w>שָׁלַ֥ף</w>
        <w>אִ֛ישׁ</w>
        <w>נַעֲל֖וֹ</w>
        <w>וְנָתַ֣ן</w>
        <w>לְרֵעֵ֑הוּ</w>
        <w>וְזֹ֥את</w>
        <w>הַתְּעוּדָ֖ה</w>
        <w>בְּיִשְׂרָאֵֽל׃</w>
      </v>
      <v n="8">
        <w>וַיֹּ֧אמֶר</w>
        <w>הַגֹּאֵ֛ל</w>
        <w>לְבֹ֖עַז</w>
        <w>קְנֵה־</w>
        <w>לָ֑ךְ</w>
        <w>וַיִּשְׁלֹ֖ף</w>
        <w>נַעֲלֽוֹ׃</w>
      </v>
      <v n="9">
        <w>וַיֹּאמֶר֩</w>
        <w>בֹּ֨עַז</w>
        <w>לַזְּקֵנִ֜ים</w>
        <w>וְכָל־</w>
        <w>הָעָ֗ם</w>
        <w>עֵדִ֤ים</w>
        <w>אַתֶּם֙</w>
        <w>הַיּ֔וֹם</w>
        <w>כִּ֤י</w>
        <w>קָנִ֙יתִי֙</w>
        <w>אֶת־</w>
        <w>כָּל־</w>
        <w>אֲשֶׁ֣ר</w>
        <w>לֶֽאֱלִימֶ֔לֶךְ</w>
        <w>וְאֵ֛ת</w>
        <w>כָּל־</w>
        <w>אֲשֶׁ֥ר</w>
        <w>לְכִלְי֖וֹן</w>
        <w>וּמַחְל֑וֹן</w>
        <w>מִיַּ֖ד</w>
        <w>נָעֳמִֽי׃</w>
      </v>
      <v n="10">
        <w>וְגַ֣ם</w>
        <w>אֶת־</w>
        <w>ר֣וּת</w>
        <w>הַמֹּאֲבִיָּה֩</w>
        <w>אֵ֨שֶׁת</w>
        <w>מַחְל֜וֹן</w>
        <w>קָנִ֧יתִי</w>
        <w>לִ֣י</w>
        <w>לְאִשָּׁ֗ה</w>
        <w>לְהָקִ֤ים</w>
        <w>שֵׁם־</w>
        <w>הַמֵּת֙</w>
        <w>עַל־</w>
        <w>נַ֣חֲלָת֔וֹ</w>
        <w>וְלֹא־</w>
        <w>יִכָּרֵ֧ת</w>
        <w>שֵׁם־</w>
        <w>הַמֵּ֛ת</w>
        <w>מֵעִ֥ם</w>
        <w>אֶחָ֖יו</w>
        <w>וּמִשַּׁ֣עַר</w>
        <w>מְקוֹמ֑וֹ</w>
        <w>עֵדִ֥ים</w>
        <w>אַתֶּ֖ם</w>
        <w>הַיּֽוֹם׃</w>
      </v>
      <v n="11">
        <w>וַיֹּ֨אמְר֜וּ</w>
        <w>כָּל־</w>
        <w>הָעָ֧ם</w>
        <w>אֲשֶׁר־</w>
        <w>בַּשַּׁ֛עַר</w>
        <w>וְהַזְּקֵנִ֖ים</w>
        <w>עֵדִ֑ים</w>
        <w>יִתֵּן֩</w>
        <w>יְהוָ֨ה</w>
        <w>אֶֽת־</w>
        <w>הָאִשָּׁ֜ה</w>
        <w>הַבָּאָ֣ה</w>
        <w>אֶל־</w>
        <w>בֵּיתֶ֗ךָ</w>
        <w>כְּרָחֵ֤ל ׀</w>
        <w>וּכְלֵאָה֙</w>
        <w>אֲשֶׁ֨ר</w>
        <w>בָּנ֤וּ</w>
        <w>שְׁתֵּיהֶם֙</w>
        <w>אֶת־</w>
        <w>בֵּ֣ית</w>
        <w>יִשְׂרָאֵ֔ל</w>
        <w>וַעֲשֵׂה־</w>
        <w>חַ֣יִל</w>
        <w>בְּאֶפְרָ֔תָה</w>
        <w>וּקְרָא־</w>
        <w>שֵׁ֖ם</w>
        <w>בְּבֵ֥ית</w>
        <w>לָֽחֶם׃</w>
      </v>
      <v n="12">
        <w>וִיהִ֤י</w>
        <w>בֵֽיתְךָ֙</w>
        <w>כְּבֵ֣ית</w>
        <w>פֶּ֔רֶץ</w>
        <w>אֲשֶׁר־</w>
        <w>יָלְדָ֥ה</w>
        <w>תָמָ֖ר</w>
        <w>לִֽיהוּדָ֑ה</w>
        <w>מִן־</w>
        <w>הַזֶּ֗רַע</w>
        <w>אֲשֶׁ֨ר</w>
        <w>יִתֵּ֤ן</w>
        <w>יְהוָה֙</w>
        <w>לְךָ֔</w>
        <w>מִן־</w>
        <w>הַֽנַּעֲרָ֖ה</w>
        <w>הַזֹּֽאת׃</w>
      </v>
      <v n="13">
        <w>וַיִּקַּ֨ח</w>
        <w>בֹּ֤עַז</w>
        <w>אֶת־</w>
        <w>רוּת֙</w>
        <w>וַתְּהִי־</w>
        <w>ל֣וֹ</w>
        <w>לְאִשָּׁ֔ה</w>
        <w>וַיָּבֹ֖א</w>
        <w>אֵלֶ֑יהָ</w>
        <w>וַיִּתֵּ֨ן</w>
        <w>יְהוָ֥ה</w>
        <w>לָ֛הּ</w>
        <w>הֵרָי֖וֹן</w>
        <w>וַתֵּ֥לֶד</w>
        <w>בֵּֽן׃</w>
      </v>
      <v n="14">
        <w>וַתֹּאמַ֤רְנָה</w>
        <w>הַנָּשִׁים֙</w>
        <w>אֶֽל־</w>
        <w>נָעֳמִ֔י</w>
        <w>בָּר֣וּךְ</w>
        <w>יְהוָ֔ה</w>
        <w>אֲ֠שֶׁר</w>
        <w>לֹ֣א</w>
        <w>הִשְׁבִּ֥ית</w>
        <w>לָ֛ךְ</w>
        <w>גֹּאֵ֖ל</w>
        <w>הַיּ֑וֹם</w>
        <w>וְיִקָּרֵ֥א</w>
        <w>שְׁמ֖וֹ</w>
        <w>בְּיִשְׂרָאֵֽל׃</w>
      </v>
      <v n="15">
        <w>וְהָ֤יָה</w>
        <w>לָךְ֙</w>
        <w>לְמֵשִׁ֣יב</w>
        <w>נֶ֔פֶשׁ</w>
        <w>וּלְכַלְכֵּ֖ל</w>
        <w>אֶת־</w>
        <w>שֵׂיבָתֵ֑ךְ</w>
        <w>כִּ֣י</w>
        <w>כַלָּתֵ֤ךְ</w>
        <w>אֲ‍ֽשֶׁר־</w>
        <w>אֲהֵבַ֙תֶךְ֙</w>
        <w>יְלָדַ֔תּוּ</w>
        <w>אֲשֶׁר־</w>
        <w>הִיא֙</w>
        <w>ט֣וֹבָה</w>
        <w>לָ֔ךְ</w>
        <w>מִשִּׁבְעָ֖ה</w>
        <w>בָּנִֽים׃</w>
      </v>
      <v n="16">
        <w>וַתִּקַּ֨ח</w>
        <w>נָעֳמִ֤י</w>
        <w>אֶת־</w>
        <w>הַיֶּ֙לֶד֙</w>
        <w>וַתְּשִׁתֵ֣הוּ</w>
        <w>בְחֵיקָ֔הּ</w>
        <w>וַתְּהִי־</w>
        <w>ל֖וֹ</w>
        <w>לְאֹמֶֽנֶת׃</w>
      </v>
      <v n="17">
        <w>וַתִּקְרֶאנָה֩</w>
        <w>ל֨וֹ</w>
        <w>הַשְּׁכֵנ֥וֹת</w>
        <w>שֵׁם֙</w>
        <w>לֵאמֹ֔ר</w>
        <w>יֻלַּד־</w>
        <w>בֵּ֖ן</w>
        <w>לְנָעֳמִ֑י</w>
        <w>וַתִּקְרֶ֤אנָֽה</w>
        <w>שְׁמוֹ֙</w>
        <w>עוֹבֵ֔ד</w>
        <w>ה֥וּא</w>
        <w>אֲבִי־</w>
        <w>יִשַׁ֖י</w>
        <w>אֲבִ֥י</w>
        <w>דָוִֽד׃</w>
        <pe/>
      </v>
      <v n="18">
        <w>וְאֵ֙לֶּה֙</w>
        <w>תּוֹלְד֣וֹת</w>
        <w>פָּ֔רֶץ</w>
        <w>פֶּ֖רֶץ</w>
        <w>הוֹלִ֥יד</w>
        <w>אֶת־</w>
        <w>חֶצְרֽוֹן׃</w>
      </v>
      <v n="19">
        <w>וְחֶצְרוֹן֙</w>
        <w>הוֹלִ֣יד</w>
        <w>אֶת־</w>
        <w>רָ֔ם</w>
        <w>וְרָ֖ם</w>
        <w>הוֹלִ֥יד</w>
        <w>אֶת־</w>
        <w>עַמִּֽינָדָֽב׃</w>
      </v>
      <v n="20">
        <w>וְעַמִּֽינָדָב֙</w>
        <w>הוֹלִ֣יד</w>
        <w>אֶת־</w>
        <w>נַחְשׁ֔וֹן</w>
        <w>וְנַחְשׁ֖וֹן</w>
        <w>הוֹלִ֥יד</w>
        <w>אֶת־</w>
        <w>שַׂלְמָֽה׃</w>
      </v>
      <v n="21">
        <w>וְשַׂלְמוֹן֙</w>
        <w>הוֹלִ֣יד</w>
        <w>אֶת־</w>
        <w>בֹּ֔עַז</w>
        <w>וּבֹ֖עַז</w>
        <w>הוֹלִ֥יד</w>
        <w>אֶת־</w>
        <w>עוֹבֵֽד׃</w>
      </v>
      <v n="22">
        <w>וְעֹבֵד֙</w>
        <w>הוֹלִ֣יד</w>
        <w>אֶת־</w>
        <w>יִשָׁ֔י</w>
        <w>וְיִשַׁ֖י</w>
        <w>הוֹלִ֥יד</w>
        <w>אֶת־</w>
        <w>דָּוִֽד׃</w>
      </v>
      <vs>22</vs>
    </c>
    <vs>85</vs>
    <cs>4</cs>
  </book>
</tanach>
<notes>
  <note>
    <code>4</code>
    <gccode>4</gccode>
    <note>Puncta extraordinaria -- an x05c4 is used to mark such marks in the text when they are above the line and an x05c5 when they are below the line. </note>
  </note>
  <note>
    <code>5</code>
    <gccode>5</gccode>
    <note>Large letter(s). Shown as large letters.</note>
  </note>
  <note>
    <code>6</code>
    <gccode>6</gccode>
    <note>Small letter(s). Shown as small letters.</note>
  </note>
  <note>
    <code>7</code>
    <gccode>7</gccode>
    <note>Suspended letter(s). Shown as suspended letters.</note>
  </note>
  <note>
    <code>8</code>
    <gccode>8</gccode>
    <note>Inverted nun in the text.</note>
  </note>
  <note>
    <code>c</code>
    <gccode>c</gccode>
    <note>Text is correct relative to LC. Usually this marks a peculiarity of the LC relative to the other Masoretic texts.</note>
  </note>
  <note>
    <code>d</code>
    <gccode>d</gccode>
    <note>This tipeha is a dehi in other texts.</note>
  </note>
  <note>
    <code>m</code>
    <gccode>m</gccode>
    <note>This meteg is a merkha in other texts.</note>
  </note>
  <note>
    <code>t</code>
    <gccode>t</gccode>
    <note>Transcription uncertain. Examine the LC image for other possible readings.</note>
  </note>
  <note>
    <code>X</code>
    <gccode>X</gccode>
    <note>This verse does NOT occur in the Leningrad Codex. Included for continuity of verse numbering.</note>
  </note>
</notes>
</Tanach>
