<?xml version="1.0" encoding="UTF-8"?>
<!-- Copyright C.V.Kimball 2013 -->
<Tanach xmlns:xsi="http://www.w3.org/2001/XMLSchema-instance" xsi:noNamespaceSchemaLocation="../XSL/Tanach.xsd">
<teiHeader>
  <fileDesc>
    <titleStmt>
      <title level="s" type="uniform">Tanach</title>
      <title level="s" type="uniformhebrew">תנ״ך</title>
      <title level="s" type="main">Unicode/XML Leningrad Codex</title>
      <title level="a" type="main">Zephaniah</title>
      <title level="a" type="mainhebrew">צפניה</title>
      <title level="a" type="filename">Zephaniah</title>
      <editor>Shemu'el ben Ya'akov</editor>
      <editor>Aharon ben-Mosheh ben-Asher</editor>
      <respStmt>
        <resp>Publisher:</resp>
        <name>Christopher V. Kimball</name>
        <name type="email">mail@cvkimball.com</name>
      </respStmt>
    </titleStmt>
    <editionStmt>
      <edition>Unicode/XML Leningrad Codex (UXLC)
        <version>UXLC 2.0</version>
        <date>19 Oct 2023</date>
        <build>27.1</build>
        <buildDateTime>19 Oct 2023  00:00</buildDateTime>
      </edition>
<respStmt>
<resp>WLC2XML[21 Apr 2023] - Transcription from Michigan-Claremont encoding to Unicode with XML markings. See details in notes.</resp>
<resp>ScanReplace/EditWLC[30 Dec 2020] - Edits/removes transcription notes; removes MDs.</resp>
<resp>ScanReplace/InsertCGJs[29 Dec 2020] - Places CGJ in Jerusalem VUV words and leading metegs.</resp>
<resp>Updater[15 Sep 2023] - Changes.xml file dated 2020.02.19 . </resp>
<resp>Updater[15 Sep 2023] - Changes.xml file dated 2020.10.19 . </resp>
<resp>Updater[15 Sep 2023] - Changes.xml file dated 2021.04.01 . </resp>
<resp>Updater[15 Sep 2023] - Changes.xml file dated 2021.10.19 . </resp>
<resp>Updater[15 Sep 2023] - Changes.xml file dated 2022.04.01 . </resp>
<resp>Updater[15 Sep 2023] - Changes.xml file dated 2022.07.04 . </resp>
<resp>Updater[15 Sep 2023] - Changes.xml file dated 2022.10.19 . </resp>
<resp>Updater[15 Sep 2023] - Changes.xml file dated 2022.12.07 . </resp>
<resp>Updater[15 Sep 2023] - Changes.xml file dated 2023.04.01 . </resp>
<resp>Updater[15 Sep 2023] - Changes.xml file dated 2023.07.04 . </resp>
<resp>Updater[15 Sep 2023] - Changes.xml file dated 2023.10.19 . </resp>
</respStmt>
    </editionStmt>
    <extent>34053</extent>
    <publicationStmt>
      <distributor>Via web site:
        <name>Christopher V. Kimball</name>
        <name type="url">https://tanach.us/Tanach.xml</name>
        <name type="email">mail@cvkimball.com</name>
      </distributor>
      <availability status="free">Freely available</availability>
    </publicationStmt>
    <notesStmt>
      <note>The original text file wlc420_ps.txt was provided by the Groves Center. 
The file has the MD5 hash: d31a 6a6e 9afa bf82 272c 2efb 0522 a12e 
and was dated 25 Jan 2016. Six transcription notes (5,7,F) have been moved to the noted character (Lev 11:42.4, Judg 18:30.11, Isa 9.6.1, Ps 80:14.3, Job 38:13.5, Job 38:15.2) to produce the file wlc420_ps_td.txt for conversion to Unicode and XML by the program WLC2XML. The only other changes to the Groves Center text are: The book names in English and Hebrew of the Jewish Publication Society Tanach and book abbreviations from the New Revised Standard Version have been added. MC code 32 added as atnah hafukh by Steve Salisbury, 30 Sep 2021. The atnah hafukh codepoint, x05a2, has been added to the character table; it does not appear in WLC 4.20. </note>
    <correction>
<citation>2:15.1</citation>
<description>Add note 'c' because of multiple accents on word.</description>
<author>cvk</author>
<filedate>2021.04.01</filedate>
<date>2020.12.22</date>
<n>3</n>
</correction>
<correction>
<citation>3:20.5</citation>
<description>Change tsere under ayin to segol.</description>
<author>Daniel Holman</author>
<filedate>2023.04.01</filedate>
<date>2022.12.12</date>
<n>12</n>
</correction>
</notesStmt>
    <sourceDesc>
      <biblItem>
        <title>Hebrew Bible</title>
        <title>Leningrad Codex</title>
        <editor>Shemu'el ben Ya'akov</editor>
        <editor>Aharon ben-Mosheh ben-Asher</editor>
        <edition>Original document</edition>
        <imprint>
          <publisher>Russian National Library (Saltykov-Shchedrin)</publisher>
          <pubPlace>St. Petersburg (Leningrad)</pubPlace>
          <date>1008</date>
        </imprint>
        <idno type="Accession">Firkovich B 19 A</idno>
      </biblItem>
      <biblItem>
        <title>The Leningrad Codex - A Facsimile Edition</title>
        <editor>Freedman, David Noel</editor>
        <editor>Beck, Astrid B.</editor>
        <edition>First</edition>
        <imprint>
          <publisher>Wm. B. Eerdmans Publishing Co.</publisher>
          <pubPlace>Grand Rapids, MI</pubPlace>
          <date>1998</date>
        </imprint>
        <idno type="IBSN">0-8028-3786-7</idno>
      </biblItem>
      <biblItem>
        <title>The Westminster Leningrad Codex</title>
        <editor>Salisbury, Stephen K.</editor>
        <edition>WLC 4.20</edition>
        <imprint>
          <publisher>The J. Alan Groves Center for Advanced Biblical Research ("Groves Center").</publisher>
          <pubPlace>2960 Church Rd.</pubPlace>
          <pubPlace>Glenside, PA 19038</pubPlace>
          <date>25 January 2016</date>
        </imprint>
        <idno type="Unknown"/>
      </biblItem>
    </sourceDesc>
  </fileDesc>
  <encodingDesc>
  </encodingDesc>
  <profileDesc>
    <creation>From WLC 4.20 provided by the Groves Center.</creation>
    <date>25 Jan 2016</date>
    <langUsage>
      <language ident="HE">Hebrew</language>
    </langUsage>
  </profileDesc>
</teiHeader>
<tanach>
  <book>
    <names>
      <name>Zephaniah</name>
      <abbrev>Zeph</abbrev>
      <number>23</number>
      <filename>Zephaniah</filename>
      <hebrewname>צפניה</hebrewname>
    </names>
    <c n="1">
      <v n="1">
        <w>דְּבַר־</w>
        <w>יְהוָ֣ה ׀</w>
        <w>אֲשֶׁ֣ר</w>
        <w>הָיָ֗ה</w>
        <w>אֶל־</w>
        <w>צְפַנְיָה֙</w>
        <w>בֶּן־</w>
        <w>כּוּשִׁ֣י</w>
        <w>בֶן־</w>
        <w>גְּדַלְיָ֔ה</w>
        <w>בֶּן־</w>
        <w>אֲמַרְיָ֖ה</w>
        <w>בֶּן־</w>
        <w>חִזְקִיָּ֑ה</w>
        <w>בִּימֵ֛י</w>
        <w>יֹאשִׁיָּ֥הוּ</w>
        <w>בֶן־</w>
        <w>אָמ֖וֹן</w>
        <w>מֶ֥לֶךְ</w>
        <w>יְהוּדָֽה׃</w>
      </v>
      <v n="2">
        <w>אָסֹ֨ף</w>
        <w>אָסֵ֜ף</w>
        <w>כֹּ֗ל</w>
        <w>מֵעַ֛ל</w>
        <w>פְּנֵ֥י</w>
        <w>הָאֲדָמָ֖ה</w>
        <w>נְאֻם־</w>
        <w>יְהוָֽה׃</w>
      </v>
      <v n="3">
        <w>אָסֵ֨ף</w>
        <w>אָדָ֜ם</w>
        <w>וּבְהֵמָ֗ה</w>
        <w>אָסֵ֤ף</w>
        <w>עוֹף־</w>
        <w>הַשָּׁמַ֙יִם֙</w>
        <w>וּדְגֵ֣י</w>
        <w>הַיָּ֔ם</w>
        <w>וְהַמַּכְשֵׁל֖וֹת</w>
        <w>אֶת־</w>
        <w>הָרְשָׁעִ֑ים</w>
        <w>וְהִכְרַתִּ֣י</w>
        <w>אֶת־</w>
        <w>הָאָדָ֗ם</w>
        <w>מֵעַ֛ל</w>
        <w>פְּנֵ֥י</w>
        <w>הָאֲדָמָ֖ה</w>
        <w>נְאֻם־</w>
        <w>יְהוָֽה׃</w>
      </v>
      <v n="4">
        <w>וְנָטִ֤יתִי</w>
        <w>יָדִי֙</w>
        <w>עַל־</w>
        <w>יְהוּדָ֔ה</w>
        <w>וְעַ֖ל</w>
        <w>כָּל־</w>
        <w>יוֹשְׁבֵ֣י</w>
        <w>יְרוּשָׁלָ֑͏ִם</w>
        <w>וְהִכְרַתִּ֞י</w>
        <w>מִן־</w>
        <w>הַמָּק֤וֹם</w>
        <w>הַזֶּה֙</w>
        <w>אֶת־</w>
        <w>שְׁאָ֣ר</w>
        <w>הַבַּ֔עַל</w>
        <w>אֶת־</w>
        <w>שֵׁ֥ם</w>
        <w>הַכְּמָרִ֖ים</w>
        <w>עִם־</w>
        <w>הַכֹּהֲנִֽים׃</w>
      </v>
      <v n="5">
        <w>וְאֶת־</w>
        <w>הַמִּשְׁתַּחֲוִ֥ים</w>
        <w>עַל־</w>
        <w>הַגַּגּ֖וֹת</w>
        <w>לִצְבָ֣א</w>
        <w>הַשָּׁמָ֑יִם</w>
        <w>וְאֶת־</w>
        <w>הַמִּֽשְׁתַּחֲוִים֙</w>
        <w>הַנִּשְׁבָּעִ֣ים</w>
        <w>לַֽיהוָ֔ה</w>
        <w>וְהַנִּשְׁבָּעִ֖ים</w>
        <w>בְּמַלְכָּֽם׃</w>
      </v>
      <v n="6">
        <w>וְאֶת־</w>
        <w>הַנְּסוֹגִ֖ים</w>
        <w>מֵאַחֲרֵ֣י</w>
        <w>יְהוָ֑ה</w>
        <w>וַאֲשֶׁ֛ר</w>
        <w>לֹֽא־</w>
        <w>בִקְשׁ֥וּ</w>
        <w>אֶת־</w>
        <w>יְהוָ֖ה</w>
        <w>וְלֹ֥א</w>
        <w>דְרָשֻֽׁהוּ׃</w>
      </v>
      <v n="7">
        <w>הַ֕ס</w>
        <w>מִפְּנֵ֖י</w>
        <w>אֲדֹנָ֣י</w>
        <w>יְהוִ֑ה</w>
        <w>כִּ֤י</w>
        <w>קָרוֹב֙</w>
        <w>י֣וֹם</w>
        <w>יְהוָ֔ה</w>
        <w>כִּֽי־</w>
        <w>הֵכִ֧ין</w>
        <w>יְהוָ֛ה</w>
        <w>זֶ֖בַח</w>
        <w>הִקְדִּ֥ישׁ</w>
        <w>קְרֻאָֽיו׃</w>
      </v>
      <v n="8">
        <w>וְהָיָ֗ה</w>
        <w>בְּיוֹם֙</w>
        <w>זֶ֣בַח</w>
        <w>יְהוָ֔ה</w>
        <w>וּפָקַדְתִּ֥י</w>
        <w>עַל־</w>
        <w>הַשָּׂרִ֖ים</w>
        <w>וְעַל־</w>
        <w>בְּנֵ֣י</w>
        <w>הַמֶּ֑לֶךְ</w>
        <w>וְעַ֥ל</w>
        <w>כָּל־</w>
        <w>הַלֹּבְשִׁ֖ים</w>
        <w>מַלְבּ֥וּשׁ</w>
        <w>נָכְרִֽי׃</w>
      </v>
      <v n="9">
        <w>וּפָקַדְתִּ֗י</w>
        <w>עַ֧ל</w>
        <w>כָּל־</w>
        <w>הַדּוֹלֵ֛ג</w>
        <w>עַל־</w>
        <w>הַמִּפְתָּ֖ן</w>
        <w>בַּיּ֣וֹם</w>
        <w>הַה֑וּא</w>
        <w>הַֽמְמַלְאִ֛ים</w>
        <w>בֵּ֥ית</w>
        <w>אֲדֹנֵיהֶ֖ם</w>
        <w>חָמָ֥ס</w>
        <w>וּמִרְמָֽה׃</w>
        <samekh/>
      </v>
      <v n="10">
        <w>וְהָיָה֩</w>
        <w>בַיּ֨וֹם</w>
        <w>הַה֜וּא</w>
        <w>נְאֻם־</w>
        <w>יְהוָ֗ה</w>
        <w>ק֤וֹל</w>
        <w>צְעָקָה֙</w>
        <w>מִשַּׁ֣עַר</w>
        <w>הַדָּגִ֔ים</w>
        <w>וִֽילָלָ֖ה</w>
        <w>מִן־</w>
        <w>הַמִּשְׁנֶ֑ה</w>
        <w>וְשֶׁ֥בֶר</w>
        <w>גָּד֖וֹל</w>
        <w>מֵהַגְּבָעֽוֹת׃</w>
      </v>
      <v n="11">
        <w>הֵילִ֖ילוּ</w>
        <w>יֹשְׁבֵ֣י</w>
        <w>הַמַּכְתֵּ֑שׁ</w>
        <w>כִּ֤י</w>
        <w>נִדְמָה֙</w>
        <w>כָּל־</w>
        <w>עַ֣ם</w>
        <w>כְּנַ֔עַן</w>
        <w>נִכְרְת֖וּ</w>
        <w>כָּל־</w>
        <w>נְטִ֥ילֵי</w>
        <w>כָֽסֶף׃</w>
      </v>
      <v n="12">
        <w>וְהָיָה֙</w>
        <w>בָּעֵ֣ת</w>
        <w>הַהִ֔יא</w>
        <w>אֲחַפֵּ֥שׂ</w>
        <w>אֶת־</w>
        <w>יְרוּשָׁלַ֖͏ִם</w>
        <w>בַּנֵּר֑וֹת</w>
        <w>וּפָקַדְתִּ֣י</w>
        <w>עַל־</w>
        <w>הָאֲנָשִׁ֗ים</w>
        <w>הַקֹּֽפְאִים֙</w>
        <w>עַל־</w>
        <w>שִׁמְרֵיהֶ֔ם</w>
        <w>הָאֹֽמְרִים֙</w>
        <w>בִּלְבָבָ֔ם</w>
        <w>לֹֽא־</w>
        <w>יֵיטִ֥יב</w>
        <w>יְהוָ֖ה</w>
        <w>וְלֹ֥א</w>
        <w>יָרֵֽעַ׃</w>
      </v>
      <v n="13">
        <w>וְהָיָ֤ה</w>
        <w>חֵילָם֙</w>
        <w>לִמְשִׁסָּ֔ה</w>
        <w>וּבָתֵּיהֶ֖ם</w>
        <w>לִשְׁמָמָ֑ה</w>
        <w>וּבָנ֤וּ</w>
        <w>בָתִּים֙</w>
        <w>וְלֹ֣א</w>
        <w>יֵשֵׁ֔בוּ</w>
        <w>וְנָטְע֣וּ</w>
        <w>כְרָמִ֔ים</w>
        <w>וְלֹ֥א</w>
        <w>יִשְׁתּ֖וּ</w>
        <w>אֶת־</w>
        <w>יֵינָֽם׃</w>
      </v>
      <v n="14">
        <w>קָר֤וֹב</w>
        <w>יוֹם־</w>
        <w>יְהוָה֙</w>
        <w>הַגָּד֔וֹל</w>
        <w>קָר֖וֹב</w>
        <w>וּמַהֵ֣ר</w>
        <w>מְאֹ֑ד</w>
        <w>ק֚וֹל</w>
        <w>י֣וֹם</w>
        <w>יְהוָ֔ה</w>
        <w>מַ֥ר</w>
        <w>צֹרֵ֖חַ</w>
        <w>שָׁ֥ם</w>
        <w>גִּבּֽוֹר׃</w>
      </v>
      <v n="15">
        <w>י֥וֹם</w>
        <w>עֶבְרָ֖ה</w>
        <w>הַיּ֣וֹם</w>
        <w>הַה֑וּא</w>
        <w>י֧וֹם</w>
        <w>צָרָ֣ה</w>
        <w>וּמְצוּקָ֗ה</w>
        <w>י֤וֹם</w>
        <w>שֹׁאָה֙</w>
        <w>וּמְשׁוֹאָ֔ה</w>
        <w>י֥וֹם</w>
        <w>חֹ֙שֶׁךְ֙</w>
        <w>וַאֲפֵלָ֔ה</w>
        <w>י֥וֹם</w>
        <w>עָנָ֖ן</w>
        <w>וַעֲרָפֶֽל׃</w>
      </v>
      <v n="16">
        <w>י֥וֹם</w>
        <w>שׁוֹפָ֖ר</w>
        <w>וּתְרוּעָ֑ה</w>
        <w>עַ֚ל</w>
        <w>הֶעָרִ֣ים</w>
        <w>הַבְּצֻר֔וֹת</w>
        <w>וְעַ֖ל</w>
        <w>הַפִּנּ֥וֹת</w>
        <w>הַגְּבֹהֽוֹת׃</w>
      </v>
      <v n="17">
        <w>וַהֲצֵרֹ֣תִי</w>
        <w>לָאָדָ֗ם</w>
        <w>וְהָֽלְכוּ֙</w>
        <w>כַּֽעִוְרִ֔ים</w>
        <w>כִּ֥י</w>
        <w>לַֽיהוָ֖ה</w>
        <w>חָטָ֑אוּ</w>
        <w>וְשֻׁפַּ֤ךְ</w>
        <w>דָּמָם֙</w>
        <w>כֶּֽעָפָ֔ר</w>
        <w>וּלְחֻמָ֖ם</w>
        <w>כַּגְּלָלִֽים׃</w>
      </v>
      <v n="18">
        <w>גַּם־</w>
        <w>כַּסְפָּ֨ם</w>
        <w>גַּם־</w>
        <w>זְהָבָ֜ם</w>
        <w>לֹֽא־</w>
        <w>יוּכַ֣ל</w>
        <w>לְהַצִּילָ֗ם</w>
        <w>בְּיוֹם֙</w>
        <w>עֶבְרַ֣ת</w>
        <w>יְהוָ֔ה</w>
        <w>וּבְאֵשׁ֙</w>
        <w>קִנְאָת֔וֹ</w>
        <w>תֵּאָכֵ֖ל</w>
        <w>כָּל־</w>
        <w>הָאָ֑רֶץ</w>
        <w>כִּֽי־</w>
        <w>כָלָ֤ה</w>
        <w>אַךְ־</w>
        <w>נִבְהָלָה֙</w>
        <w>יַֽעֲשֶׂ֔ה</w>
        <w>אֵ֥ת</w>
        <w>כָּל־</w>
        <w>יֹשְׁבֵ֖י</w>
        <w>הָאָֽרֶץ׃</w>
        <samekh/>
      </v>
      <vs>18</vs>
    </c>
    <c n="2">
      <v n="1">
        <w>הִֽתְקוֹשְׁשׁ֖וּ</w>
        <w>וָק֑וֹשּׁוּ</w>
        <w>הַגּ֖וֹי</w>
        <w>לֹ֥א</w>
        <w>נִכְסָֽף׃</w>
      </v>
      <v n="2">
        <w>בְּטֶ֙רֶם֙</w>
        <w>לֶ֣דֶת</w>
        <w>חֹ֔ק</w>
        <w>כְּמֹ֖ץ</w>
        <w>עָ֣בַר</w>
        <w>י֑וֹם</w>
        <w>בְּטֶ֣רֶם ׀</w>
        <w>לֹא־</w>
        <w>יָב֣וֹא</w>
        <w>עֲלֵיכֶ֗ם</w>
        <w>חֲרוֹן֙</w>
        <w>אַף־</w>
        <w>יְהוָ֔ה</w>
        <w>בְּטֶ֙רֶם֙</w>
        <w>לֹא־</w>
        <w>יָב֣וֹא</w>
        <w>עֲלֵיכֶ֔ם</w>
        <w>י֖וֹם</w>
        <w>אַף־</w>
        <w>יְהוָֽה׃</w>
      </v>
      <v n="3">
        <w>בַּקְּשׁ֤וּ</w>
        <w>אֶת־</w>
        <w>יְהוָה֙</w>
        <w>כָּל־</w>
        <w>עַנְוֵ֣י</w>
        <w>הָאָ֔רֶץ</w>
        <w>אֲשֶׁ֥ר</w>
        <w>מִשְׁפָּט֖וֹ</w>
        <w>פָּעָ֑לוּ</w>
        <w>בַּקְּשׁוּ־</w>
        <w>צֶ֙דֶק֙</w>
        <w>בַּקְּשׁ֣וּ</w>
        <w>עֲנָוָ֔ה</w>
        <w>אוּלַי֙</w>
        <w>תִּסָּ֣תְר֔וּ</w>
        <w>בְּי֖וֹם</w>
        <w>אַף־</w>
        <w>יְהוָֽה׃</w>
      </v>
      <v n="4">
        <w>כִּ֤י</w>
        <w>עַזָּה֙</w>
        <w>עֲזוּבָ֣ה</w>
        <w>תִֽהְיֶ֔ה</w>
        <w>וְאַשְׁקְל֖וֹן</w>
        <w>לִשְׁמָמָ֑ה</w>
        <w>אַשְׁדּ֗וֹד</w>
        <w>בַּֽצָּהֳרַ֙יִם֙</w>
        <w>יְגָ֣רְשׁ֔וּהָ</w>
        <w>וְעֶקְר֖וֹן</w>
        <w>תֵּעָקֵֽר׃</w>
        <samekh/>
      </v>
      <v n="5">
        <w>ה֗וֹי</w>
        <w>יֹֽשְׁבֵ֛י</w>
        <w>חֶ֥בֶל</w>
        <w>הַיָּ֖ם</w>
        <w>גּ֣וֹי</w>
        <w>כְּרֵתִ֑ים</w>
        <w>דְּבַר־</w>
        <w>יְהוָ֣ה</w>
        <w>עֲלֵיכֶ֗ם</w>
        <w>כְּנַ֙עַן֙</w>
        <w>אֶ֣רֶץ</w>
        <w>פְּלִשְׁתִּ֔ים</w>
        <w>וְהַאֲבַדְתִּ֖יךְ</w>
        <w>מֵאֵ֥ין</w>
        <w>יוֹשֵֽׁב׃</w>
      </v>
      <v n="6">
        <w>וְֽהָיְתָ֞ה</w>
        <w>חֶ֣בֶל</w>
        <w>הַיָּ֗ם</w>
        <w>נְוֺ֛ת</w>
        <w>כְּרֹ֥ת</w>
        <w>רֹעִ֖ים</w>
        <w>וְגִדְר֥וֹת</w>
        <w>צֹֽאן׃</w>
      </v>
      <v n="7">
        <w>וְהָ֣יָה</w>
        <w>חֶ֗בֶל</w>
        <w>לִשְׁאֵרִ֛ית</w>
        <w>בֵּ֥ית</w>
        <w>יְהוּדָ֖ה</w>
        <w>עֲלֵיהֶ֣ם</w>
        <w>יִרְע֑וּן</w>
        <w>בְּבָתֵּ֣י</w>
        <w>אַשְׁקְל֗וֹן</w>
        <w>בָּעֶ֙רֶב֙</w>
        <w>יִרְבָּצ֔וּן</w>
        <w>כִּ֧י</w>
        <w>יִפְקְדֵ֛ם</w>
        <w>יְהוָ֥ה</w>
        <w>אֱלֹהֵיהֶ֖ם</w>
        <w>וְשָׁ֥ב</w>
        <k>שבותם</k>
        <q>שְׁבִיתָֽם׃</q>
      </v>
      <v n="8">
        <w>שָׁמַ֙עְתִּי֙</w>
        <w>חֶרְפַּ֣ת</w>
        <w>מוֹאָ֔ב</w>
        <w>וְגִדּוּפֵ֖י</w>
        <w>בְּנֵ֣י</w>
        <w>עַמּ֑וֹן</w>
        <w>אֲשֶׁ֤ר</w>
        <w>חֵֽרְפוּ֙</w>
        <w>אֶת־</w>
        <w>עַמִּ֔י</w>
        <w>וַיַּגְדִּ֖ילוּ</w>
        <w>עַל־</w>
        <w>גְּבוּלָֽם׃</w>
      </v>
      <v n="9">
        <w>לָכֵ֣ן</w>
        <w>חַי־</w>
        <w>אָ֡נִי</w>
        <w>נְאֻם֩</w>
        <w>יְהוָ֨ה</w>
        <w>צְבָא֜וֹת</w>
        <w>אֱלֹהֵ֣י</w>
        <w>יִשְׂרָאֵ֗ל</w>
        <w>כִּֽי־</w>
        <w>מוֹאָ֞ב</w>
        <w>כִּסְדֹ֤ם</w>
        <w>תִּֽהְיֶה֙</w>
        <w>וּבְנֵ֤י</w>
        <w>עַמּוֹן֙</w>
        <w>כַּֽעֲמֹרָ֔ה</w>
        <w>מִמְשַׁ֥ק</w>
        <w>חָר֛וּל</w>
        <w>וּמִכְרֵה־</w>
        <w>מֶ֥לַח</w>
        <w>וּשְׁמָמָ֖ה</w>
        <w>עַד־</w>
        <w>עוֹלָ֑ם</w>
        <w>שְׁאֵרִ֤ית</w>
        <w>עַמִּי֙</w>
        <w>יְבָזּ֔וּם</w>
        <w>וְיֶ֥תֶר</w>
        <k>גוי</k>
        <q>גּוֹיִ֖י</q>
        <w>יִנְחָלֽוּם׃</w>
      </v>
      <v n="10">
        <w>זֹ֥את</w>
        <w>לָהֶ֖ם</w>
        <w>תַּ֣חַת</w>
        <w>גְּאוֹנָ֑ם</w>
        <w>כִּ֤י</w>
        <w>חֵֽרְפוּ֙</w>
        <w>וַיַּגְדִּ֔לוּ</w>
        <w>עַל־</w>
        <w>עַ֖ם</w>
        <w>יְהוָ֥ה</w>
        <w>צְבָאֽוֹת׃</w>
      </v>
      <v n="11">
        <w>נוֹרָ֤א</w>
        <w>יְהוָה֙</w>
        <w>עֲלֵיהֶ֔ם</w>
        <w>כִּ֣י</w>
        <w>רָזָ֔ה</w>
        <w>אֵ֖ת</w>
        <w>כָּל־</w>
        <w>אֱלֹהֵ֣י</w>
        <w>הָאָ֑רֶץ</w>
        <w>וְיִשְׁתַּֽחֲווּ־</w>
        <w>לוֹ֙</w>
        <w>אִ֣ישׁ</w>
        <w>מִמְּקוֹמ֔וֹ</w>
        <w>כֹּ֖ל</w>
        <w>אִיֵּ֥י</w>
        <w>הַגּוֹיִֽם׃</w>
      </v>
      <v n="12">
        <w>גַּם־</w>
        <w>אַתֶּ֣ם</w>
        <w>כּוּשִׁ֔ים</w>
        <w>חַֽלְלֵ֥י</w>
        <w>חַרְבִּ֖י</w>
        <w>הֵֽמָּה׃</w>
      </v>
      <v n="13">
        <w>וְיֵ֤ט</w>
        <w>יָדוֹ֙</w>
        <w>עַל־</w>
        <w>צָפ֔וֹן</w>
        <w>וִֽיאַבֵּ֖ד</w>
        <w>אֶת־</w>
        <w>אַשּׁ֑וּר</w>
        <w>וְיָשֵׂ֤ם</w>
        <w>אֶת־</w>
        <w>נִֽינְוֵה֙</w>
        <w>לִשְׁמָמָ֔ה</w>
        <w>צִיָּ֖ה</w>
        <w>כַּמִּדְבָּֽר׃</w>
      </v>
      <v n="14">
        <w>וְרָבְצ֨וּ</w>
        <w>בְתוֹכָ֤הּ</w>
        <w>עֲדָרִים֙</w>
        <w>כָּל־</w>
        <w>חַיְתוֹ־</w>
        <w>ג֔וֹי</w>
        <w>גַּם־</w>
        <w>קָאַת֙</w>
        <w>גַּם־</w>
        <w>קִפֹּ֔ד</w>
        <w>בְּכַפְתֹּרֶ֖יהָ</w>
        <w>יָלִ֑ינוּ</w>
        <w>ק֠וֹל</w>
        <w>יְשׁוֹרֵ֤ר</w>
        <w>בַּֽחַלּוֹן֙</w>
        <w>חֹ֣רֶב</w>
        <w>בַּסַּ֔ף</w>
        <w>כִּ֥י</w>
        <w>אַרְזָ֖ה</w>
        <w>עֵרָֽה׃</w>
      </v>
      <v n="15">
        <w>זֹ֞֠<x>c</x>את</w>
        <w>הָעִ֤יר</w>
        <w>הָעַלִּיזָה֙</w>
        <w>הַיּוֹשֶׁ֣בֶת</w>
        <w>לָבֶ֔טַח</w>
        <w>הָאֹֽמְרָה֙</w>
        <w>בִּלְבָבָ֔הּ</w>
        <w>אֲנִ֖י</w>
        <w>וְאַפְסִ֣י</w>
        <w>ע֑וֹד</w>
        <w>אֵ֣יךְ ׀</w>
        <w>הָיְתָ֣ה</w>
        <w>לְשַׁמָּ֗ה</w>
        <w>מַרְבֵּץ֙</w>
        <w>לַֽחַיָּ֔ה</w>
        <w>כֹּ֚ל</w>
        <w>עוֹבֵ֣ר</w>
        <w>עָלֶ֔יהָ</w>
        <w>יִשְׁרֹ֖ק</w>
        <w>יָנִ֥יעַ</w>
        <w>יָדֽוֹ׃</w>
        <samekh/>
      </v>
      <vs>15</vs>
    </c>
    <c n="3">
      <v n="1">
        <w>ה֥וֹי</w>
        <w>מֹרְאָ֖ה</w>
        <w>וְנִגְאָלָ֑ה</w>
        <w>הָעִ֖יר</w>
        <w>הַיּוֹנָֽה׃</w>
      </v>
      <v n="2">
        <w>לֹ֤א</w>
        <w>שָֽׁמְעָה֙</w>
        <w>בְּק֔וֹל</w>
        <w>לֹ֥א</w>
        <w>לָקְחָ֖ה</w>
        <w>מוּסָ֑ר</w>
        <w>בַּֽיהוָה֙</w>
        <w>לֹ֣א</w>
        <w>בָטָ֔חָה</w>
        <w>אֶל־</w>
        <w>אֱלֹהֶ֖יהָ</w>
        <w>לֹ֥א</w>
        <w>קָרֵֽבָה׃</w>
      </v>
      <v n="3">
        <w>שָׂרֶ֣יהָ</w>
        <w>בְקִרְבָּ֔הּ</w>
        <w>אֲרָי֖וֹת</w>
        <w>שֹֽׁאֲגִ֑ים</w>
        <w>שֹׁפְטֶ֙יהָ֙</w>
        <w>זְאֵ֣בֵי</w>
        <w>עֶ֔רֶב</w>
        <w>לֹ֥א</w>
        <w>גָרְמ֖וּ</w>
        <w>לַבֹּֽקֶר׃</w>
      </v>
      <v n="4">
        <w>נְבִיאֶ֙יהָ֙</w>
        <w>פֹּֽחֲזִ֔ים</w>
        <w>אַנְשֵׁ֖י</w>
        <w>בֹּֽגְד֑וֹת</w>
        <w>כֹּהֲנֶ֙יהָ֙</w>
        <w>חִלְּלוּ־</w>
        <w>קֹ֔דֶשׁ</w>
        <w>חָמְס֖וּ</w>
        <w>תּוֹרָֽה׃</w>
      </v>
      <v n="5">
        <w>יְהוָ֤ה</w>
        <w>צַדִּיק֙</w>
        <w>בְּקִרְבָּ֔הּ</w>
        <w>לֹ֥א</w>
        <w>יַעֲשֶׂ֖ה</w>
        <w>עַוְלָ֑ה</w>
        <w>בַּבֹּ֨קֶר</w>
        <w>בַּבֹּ֜קֶר</w>
        <w>מִשְׁפָּט֨וֹ</w>
        <w>יִתֵּ֤ן</w>
        <w>לָאוֹר֙</w>
        <w>לֹ֣א</w>
        <w>נֶעְדָּ֔ר</w>
        <w>וְלֹֽא־</w>
        <w>יוֹדֵ֥עַ</w>
        <w>עַוָּ֖ל</w>
        <w>בֹּֽשֶׁת׃</w>
      </v>
      <v n="6">
        <w>הִכְרַ֣תִּי</w>
        <w>גוֹיִ֗ם</w>
        <w>נָשַׁ֙מּוּ֙</w>
        <w>פִּנּוֹתָ֔ם</w>
        <w>הֶחֱרַ֥בְתִּי</w>
        <w>חֽוּצוֹתָ֖ם</w>
        <w>מִבְּלִ֣י</w>
        <w>עוֹבֵ֑ר</w>
        <w>נִצְדּ֧וּ</w>
        <w>עָרֵיהֶ֛ם</w>
        <w>מִבְּלִי־</w>
        <w>אִ֖ישׁ</w>
        <w>מֵאֵ֥ין</w>
        <w>יוֹשֵֽׁב׃</w>
      </v>
      <v n="7">
        <w>אָמַ֜רְתִּי</w>
        <w>אַךְ־</w>
        <w>תִּירְאִ֤י</w>
        <w>אוֹתִי֙</w>
        <w>תִּקְחִ֣י</w>
        <w>מוּסָ֔ר</w>
        <w>וְלֹֽא־</w>
        <w>יִכָּרֵ֣ת</w>
        <w>מְעוֹנָ֔הּ</w>
        <w>כֹּ֥ל</w>
        <w>אֲשֶׁר־</w>
        <w>פָּקַ֖דְתִּי</w>
        <w>עָלֶ֑יהָ</w>
        <w>אָכֵן֙</w>
        <w>הִשְׁכִּ֣ימוּ</w>
        <w>הִשְׁחִ֔יתוּ</w>
        <w>כֹּ֖ל</w>
        <w>עֲלִילוֹתָֽם׃</w>
      </v>
      <v n="8">
        <w>לָכֵ֤ן</w>
        <w>חַכּוּ־</w>
        <w>לִי֙</w>
        <w>נְאֻם־</w>
        <w>יְהוָ֔ה</w>
        <w>לְי֖וֹם</w>
        <w>קוּמִ֣י</w>
        <w>לְעַ֑ד</w>
        <w>כִּ֣י</w>
        <w>מִשְׁפָּטִי֩</w>
        <w>לֶאֱסֹ֨ף</w>
        <w>גּוֹיִ֜ם</w>
        <w>לְקָבְצִ֣י</w>
        <w>מַמְלָכ֗וֹת</w>
        <w>לִשְׁפֹּ֨ךְ</w>
        <w>עֲלֵיהֶ֤ם</w>
        <w>זַעְמִי֙</w>
        <w>כֹּ֚ל</w>
        <w>חֲר֣וֹן</w>
        <w>אַפִּ֔י</w>
        <w>כִּ֚י</w>
        <w>בְּאֵ֣שׁ</w>
        <w>קִנְאָתִ֔י</w>
        <w>תֵּאָכֵ֖ל</w>
        <w>כָּל־</w>
        <w>הָאָֽרֶץ׃</w>
      </v>
      <v n="9">
        <w>כִּֽי־</w>
        <w>אָ֛ז</w>
        <w>אֶהְפֹּ֥ךְ</w>
        <w>אֶל־</w>
        <w>עַמִּ֖ים</w>
        <w>שָׂפָ֣ה</w>
        <w>בְרוּרָ֑ה</w>
        <w>לִקְרֹ֤א</w>
        <w>כֻלָּם֙</w>
        <w>בְּשֵׁ֣ם</w>
        <w>יְהוָ֔ה</w>
        <w>לְעָבְד֖וֹ</w>
        <w>שְׁכֶ֥ם</w>
        <w>אֶחָֽד׃</w>
      </v>
      <v n="10">
        <w>מֵעֵ֖בֶר</w>
        <w>לְנַֽהֲרֵי־</w>
        <w>כ֑וּשׁ</w>
        <w>עֲתָרַי֙</w>
        <w>בַּת־</w>
        <w>פוּצַ֔י</w>
        <w>יוֹבִל֖וּן</w>
        <w>מִנְחָתִֽי׃</w>
      </v>
      <v n="11">
        <w>בַּיּ֣וֹם</w>
        <w>הַה֗וּא</w>
        <w>לֹ֤א</w>
        <w>תֵב֙וֹשִׁי֙</w>
        <w>מִכֹּ֣ל</w>
        <w>עֲלִילֹתַ֔יִךְ</w>
        <w>אֲשֶׁ֥ר</w>
        <w>פָּשַׁ֖עַתְּ</w>
        <w>בִּ֑י</w>
        <w>כִּי־</w>
        <w>אָ֣ז ׀</w>
        <w>אָסִ֣יר</w>
        <w>מִקִּרְבֵּ֗ךְ</w>
        <w>עַלִּיזֵי֙</w>
        <w>גַּאֲוָתֵ֔ךְ</w>
        <w>וְלֹֽא־</w>
        <w>תוֹסִ֧פִי</w>
        <w>לְגָבְהָ֛ה</w>
        <w>ע֖וֹד</w>
        <w>בְּהַ֥ר</w>
        <w>קָדְשִֽׁי׃</w>
      </v>
      <v n="12">
        <w>וְהִשְׁאַרְתִּ֣י</w>
        <w>בְקִרְבֵּ֔ךְ</w>
        <w>עַ֥ם</w>
        <w>עָנִ֖י</w>
        <w>וָדָ֑ל</w>
        <w>וְחָס֖וּ</w>
        <w>בְּשֵׁ֥ם</w>
        <w>יְהוָֽה׃</w>
      </v>
      <v n="13">
        <w>שְׁאֵרִ֨ית</w>
        <w>יִשְׂרָאֵ֜ל</w>
        <w>לֹֽא־</w>
        <w>יַעֲשׂ֤וּ</w>
        <w>עַוְלָה֙</w>
        <w>וְלֹא־</w>
        <w>יְדַבְּר֣וּ</w>
        <w>כָזָ֔ב</w>
        <w>וְלֹֽא־</w>
        <w>יִמָּצֵ֥א</w>
        <w>בְּפִיהֶ֖ם</w>
        <w>לְשׁ֣וֹן</w>
        <w>תַּרְמִ֑ית</w>
        <w>כִּֽי־</w>
        <w>הֵ֛מָּה</w>
        <w>יִרְע֥וּ</w>
        <w>וְרָבְצ֖וּ</w>
        <w>וְאֵ֥ין</w>
        <w>מַחֲרִֽיד׃</w>
        <samekh/>
      </v>
      <v n="14">
        <w>רָנִּי֙</w>
        <w>בַּת־</w>
        <w>צִיּ֔וֹן</w>
        <w>הָרִ֖יעוּ</w>
        <w>יִשְׂרָאֵ֑ל</w>
        <w>שִׂמְחִ֤י</w>
        <w>וְעָלְזִי֙</w>
        <w>בְּכָל־</w>
        <w>לֵ֔ב</w>
        <w>בַּ֖ת</w>
        <w>יְרוּשָׁלָֽ͏ִם׃</w>
      </v>
      <v n="15">
        <w>הֵסִ֤יר</w>
        <w>יְהוָה֙</w>
        <w>מִשְׁפָּטַ֔יִךְ</w>
        <w>פִּנָּ֖ה</w>
        <w>אֹֽיְבֵ֑ךְ</w>
        <w>מֶ֣לֶךְ</w>
        <w>יִשְׂרָאֵ֤ל ׀</w>
        <w>יְהוָה֙</w>
        <w>בְּקִרְבֵּ֔ךְ</w>
        <w>לֹא־</w>
        <w>תִֽירְאִ֥י</w>
        <w>רָ֖ע</w>
        <w>עֽוֹד׃</w>
      </v>
      <v n="16">
        <w>בַּיּ֣וֹם</w>
        <w>הַה֔וּא</w>
        <w>יֵאָמֵ֥ר</w>
        <w>לִירֽוּשָׁלַ֖͏ִם</w>
        <w>אַל־</w>
        <w>תִּירָ֑אִי</w>
        <w>צִיּ֖וֹן</w>
        <w>אַל־</w>
        <w>יִרְפּ֥וּ</w>
        <w>יָדָֽיִךְ׃</w>
      </v>
      <v n="17">
        <w>יְהוָ֧ה</w>
        <w>אֱלֹהַ֛יִךְ</w>
        <w>בְּקִרְבֵּ֖ך</w>
        <w>גִּבּ֣וֹר</w>
        <w>יוֹשִׁ֑יעַ</w>
        <w>יָשִׂ֨ישׂ</w>
        <w>עָלַ֜יִךְ</w>
        <w>בְּשִׂמְחָ֗ה</w>
        <w>יַחֲרִישׁ֙</w>
        <w>בְּאַ֣הֲבָת֔וֹ</w>
        <w>יָגִ֥יל</w>
        <w>עָלַ֖יִךְ</w>
        <w>בְּרִנָּֽה׃</w>
      </v>
      <v n="18">
        <w>נוּגֵ֧י</w>
        <w>מִמּוֹעֵ֛ד</w>
        <w>אָסַ֖פְתִּי</w>
        <w>מִמֵּ֣ךְ</w>
        <w>הָי֑וּ</w>
        <w>מַשְׂאֵ֥ת</w>
        <w>עָלֶ֖יהָ</w>
        <w>חֶרְפָּֽה׃</w>
      </v>
      <v n="19">
        <w>הִנְנִ֥י</w>
        <w>עֹשֶׂ֛ה</w>
        <w>אֶת־</w>
        <w>כָּל־</w>
        <w>מְעַנַּ֖יִךְ</w>
        <w>בָּעֵ֣ת</w>
        <w>הַהִ֑יא</w>
        <w>וְהוֹשַׁעְתִּ֣י</w>
        <w>אֶת־</w>
        <w>הַצֹּלֵעָ֗ה</w>
        <w>וְהַנִּדָּחָה֙</w>
        <w>אֲקַבֵּ֔ץ</w>
        <w>וְשַׂמְתִּים֙</w>
        <w>לִתְהִלָּ֣ה</w>
        <w>וּלְשֵׁ֔ם</w>
        <w>בְּכָל־</w>
        <w>הָאָ֖רֶץ</w>
        <w>בָּשְׁתָּֽם׃</w>
      </v>
      <v n="20">
        <w>בָּעֵ֤ת</w>
        <w>הַהִיא֙</w>
        <w>אָבִ֣יא</w>
        <w>אֶתְכֶ֔ם</w>
        <w>וּבָעֶ֖ת</w>
        <w>קַבְּצִ֣י</w>
        <w>אֶתְכֶ֑ם</w>
        <w>כִּֽי־</w>
        <w>אֶתֵּ֨ן</w>
        <w>אֶתְכֶ֜ם</w>
        <w>לְשֵׁ֣ם</w>
        <w>וְלִתְהִלָּ֗ה</w>
        <w>בְּכֹל֙</w>
        <w>עַמֵּ֣י</w>
        <w>הָאָ֔רֶץ</w>
        <w>בְּשׁוּבִ֧י</w>
        <w>אֶת־</w>
        <w>שְׁבוּתֵיכֶ֛ם</w>
        <w>לְעֵינֵיכֶ֖ם</w>
        <w>אָמַ֥ר</w>
        <w>יְהוָֽה׃</w>
      </v>
      <vs>20</vs>
    </c>
    <vs>53</vs>
    <cs>3</cs>
  </book>
</tanach>
<notes>
  <note>
    <code>4</code>
    <gccode>4</gccode>
    <note>Puncta extraordinaria -- an x05c4 is used to mark such marks in the text when they are above the line and an x05c5 when they are below the line. </note>
  </note>
  <note>
    <code>5</code>
    <gccode>5</gccode>
    <note>Large letter(s). Shown as large letters.</note>
  </note>
  <note>
    <code>6</code>
    <gccode>6</gccode>
    <note>Small letter(s). Shown as small letters.</note>
  </note>
  <note>
    <code>7</code>
    <gccode>7</gccode>
    <note>Suspended letter(s). Shown as suspended letters.</note>
  </note>
  <note>
    <code>8</code>
    <gccode>8</gccode>
    <note>Inverted nun in the text.</note>
  </note>
  <note>
    <code>c</code>
    <gccode>c</gccode>
    <note>Text is correct relative to LC. Usually this marks a peculiarity of the LC relative to the other Masoretic texts.</note>
  </note>
  <note>
    <code>d</code>
    <gccode>d</gccode>
    <note>This tipeha is a dehi in other texts.</note>
  </note>
  <note>
    <code>m</code>
    <gccode>m</gccode>
    <note>This meteg is a merkha in other texts.</note>
  </note>
  <note>
    <code>t</code>
    <gccode>t</gccode>
    <note>Transcription uncertain. Examine the LC image for other possible readings.</note>
  </note>
  <note>
    <code>X</code>
    <gccode>X</gccode>
    <note>This verse does NOT occur in the Leningrad Codex. Included for continuity of verse numbering.</note>
  </note>
</notes>
</Tanach>
